direction,time,canid,len,data
TX,10:10:03.008,0x300,6,40 40 40 08 04 01
RX,10:10:03.011,0x101,32,46 40 40 38 6C 01 1A 01 00 00 00 00 00 FF 7F 51 78 FF 7F EF 7A FF 7F FF 7F 12 0D F1 F7 F3 E5 55
TX,10:10:09.723,0x300,12,40 40 00 09 1C 01 00 01 10 42 10 20
RX,10:10:09.727,0x101,16,47 40 00 39 24 01 00 01 10 42 10 20 00 00 01 20
TX,10:10:14.748,0x300,16,40 40 00 19 24 01 00 01 10 01 02 20 01 00 00 00
TX,10:10:14.750,0x300,16,40 40 00 19 24 01 00 01 10 01 10 20 00 00 00 00
TX,10:10:14.752,0x300,16,40 40 00 19 24 01 00 01 10 03 07 20 01 00 00 00
TX,10:10:14.754,0x300,12,40 00 40 28 1C 01 06 01 00 41 EF 7A
RX,10:10:14.759,0x101,16,48 40 00 39 24 01 00 01 10 01 02 20 01 00 01 20
RX,10:10:14.760,0x101,16,49 40 00 39 24 01 00 01 10 01 10 20 00 00 01 20
RX,10:10:14.761,0x101,16,4A 40 00 39 24 01 00 01 10 03 07 20 01 00 01 20
RX,10:10:14.762,0x101,32,4B 40 40 28 6C 01 1A 01 00 00 00 00 00 FF 7F 51 78 FF 7F EF 7A FF 7F FF 7F 12 08 F1 F7 EE E5 55
TX,10:10:14.776,0x300,12,40 00 40 28 1C 01 06 01 00 41 EF 7A
RX,10:10:14.777,0x101,32,4C 40 40 28 6C 01 1A 01 00 40 00 00 00 FF 7F 51 78 FF 7F EF 7A FF 7F FF 7F 12 09 F1 F7 EF E5 55
TX,10:10:14.796,0x300,12,40 00 40 28 1C 01 06 01 00 41 EF 7A
RX,10:10:14.797,0x101,32,4D 40 40 28 6C 01 1A 01 00 40 00 00 00 FF 7F 51 78 FF 7F EF 7A FF 7F FF 7F 12 09 F1 F7 EF E5 55
TX,10:10:14.815,0x300,12,40 00 40 28 1C 01 06 01 00 41 EF 7A
RX,10:10:14.817,0x101,32,4E 40 40 28 6C 01 1A 01 00 40 00 00 00 FF 7F 51 78 FF 7F EF 7A FF 7F FF 7F 12 09 F1 F7 EF E5 55
TX,10:10:14.836,0x300,12,40 00 40 28 1C 01 06 01 00 41 EF 7A
RX,10:10:14.840,0x101,32,4F 40 40 28 6C 01 1A 01 00 40 00 00 00 FF 7F 51 78 FF 7F EF 7A FF 7F FF 7F 12 09 F1 F7 EF E5 55
TX,10:10:14.858,0x300,12,40 00 40 28 1C 01 06 01 00 41 EF 7A
RX,10:10:14.859,0x101,32,50 40 40 28 6C 01 1A 01 00 40 00 00 00 FF 7F 51 78 FF 7F EF 7A FF 7F FF 7F 12 08 F1 F7 EE E5 55
TX,10:10:14.864,0x300,16,40 40 00 19 24 01 00 01 10 01 10 20 01 00 00 00
RX,10:10:14.868,0x101,16,51 40 00 39 24 01 00 01 10 01 10 20 01 00 01 20
TX,10:10:14.875,0x300,12,40 00 40 28 1C 01 06 01 00 41 EF 7A
RX,10:10:14.877,0x101,32,52 40 40 28 6C 01 1A 01 00 40 00 00 00 FF 7F 51 78 FF 7F EF 7A FF 7F FF 7F 12 08 F1 F7 EE E5 55
TX,10:10:14.896,0x300,12,40 00 40 28 1C 01 06 01 00 41 EF 7A
RX,10:10:14.898,0x101,32,53 40 40 28 6C 01 1A 01 00 40 00 00 00 FF 7F 51 78 FF 7F EF 7A FF 7F FF 7F 12 09 F1 F7 EF E5 55
TX,10:10:14.917,0x300,12,40 00 40 28 1C 01 06 01 00 41 EF 7A
RX,10:10:14.920,0x101,32,54 40 40 28 6C 01 1A 01 00 40 00 00 00 FF 7F 51 78 FF 7F EF 7A FF 7F FF 7F 12 09 F1 F7 EF E5 55
TX,10:10:14.936,0x300,12,40 00 40 28 1C 01 06 01 00 41 EF 7A
RX,10:10:14.938,0x101,32,55 40 40 28 6C 01 1A 01 00 40 00 00 00 FF 7F 51 78 FF 7F EF 7A FF 7F FF 7F 12 09 F1 F7 EF E5 55
TX,10:10:14.956,0x300,12,40 00 40 28 1C 01 06 01 00 41 EF 7A
RX,10:10:14.958,0x101,32,56 40 40 28 6C 01 1A 01 00 40 00 00 00 FF 7F 51 78 FF 7F EF 7A FF 7F FF 7F 12 08 F1 F7 EE E5 55
TX,10:10:14.976,0x300,12,40 00 40 28 1C 01 06 01 00 41 EF 7A
RX,10:10:14.978,0x101,32,57 40 40 28 6C 01 1A 01 00 40 00 00 00 FF 7F 51 78 FF 7F EF 7A FF 7F FF 7F 12 09 F1 F7 EF E5 55
TX,10:10:14.996,0x300,12,40 00 40 28 1C 01 06 01 00 41 EF 7A
RX,10:10:14.998,0x101,32,58 40 40 28 6C 01 1A 01 00 42 00 00 00 FF 7F 51 78 FF 7F EF 7A 27 80 FF 7F 12 09 F1 F7 EF E5 55
TX,10:10:15.005,0x300,6,40 40 40 08 04 01
TX,10:10:15.008,0x300,12,40 40 00 09 1C 01 00 01 10 42 10 20
RX,10:10:15.010,0x101,32,59 40 40 38 6C 01 1A 01 00 42 00 00 00 FF 7F 51 78 FF 7F EF 7A 1B 80 FF 7F 12 09 F1 F7 EF E5 55
RX,10:10:15.013,0x101,16,5A 40 00 39 24 01 00 01 10 42 10 20 02 00 01 20
TX,10:10:15.019,0x300,12,40 00 40 28 1C 01 06 01 00 41 EF 7A
RX,10:10:15.022,0x101,32,5B 40 40 28 6C 01 1A 01 00 42 00 00 00 FF 7F 51 78 FF 7F EF 7A 16 80 FF 7F 12 09 F1 F7 EF E5 55
TX,10:10:15.035,0x300,12,40 00 40 28 1C 01 06 01 00 41 EF 7A
RX,10:10:15.040,0x101,32,5C 40 40 28 6C 01 1A 01 00 42 00 00 00 FF 7F 51 78 FF 7F EF 7A 16 80 FF 7F 12 09 F1 F7 EF E5 55
TX,10:10:15.055,0x300,12,40 00 40 28 1C 01 06 01 00 41 EF 7A
RX,10:10:15.058,0x101,32,5D 40 40 28 6C 01 1A 01 00 42 00 00 00 FF 7F 51 78 FF 7F EF 7A 05 80 FF 7F 12 09 F1 F7 EF E5 55
TX,10:10:15.076,0x300,12,40 00 40 28 1C 01 06 01 00 41 EF 7A
RX,10:10:15.079,0x101,32,5E 40 40 28 6C 01 1A 01 00 42 00 00 00 FF 7F 51 78 FF 7F EF 7A 1B 80 FF 7F 12 09 F1 F7 EF E5 55
TX,10:10:15.096,0x300,12,40 00 40 28 1C 01 06 01 00 41 EF 7A
RX,10:10:15.100,0x101,32,5F 40 40 28 6C 01 1A 01 00 42 00 00 00 FF 7F 51 78 FF 7F EF 7A 05 80 FF 7F 12 09 F1 F7 EF E5 55
TX,10:10:15.116,0x300,12,40 00 40 28 1C 01 06 01 00 41 EF 7A
RX,10:10:15.119,0x101,32,60 40 40 28 6C 01 1A 01 00 42 00 00 00 FF 7F 51 78 FF 7F EF 7A 05 80 FF 7F 12 09 F1 F7 EF E5 55
TX,10:10:15.136,0x300,12,40 00 40 28 1C 01 06 01 00 41 EF 7A
RX,10:10:15.139,0x101,32,61 40 40 28 6C 01 1A 01 00 42 00 00 00 FF 7F 51 78 FF 7F EF 7A F9 7F FF 7F 12 09 F1 F7 EF E5 55
TX,10:10:15.156,0x300,12,40 00 40 28 1C 01 06 01 00 41 EF 7A
RX,10:10:15.159,0x101,32,62 40 40 28 6C 01 1A 01 00 42 00 00 00 FF 7F 51 78 FF 7F EF 7A FF 7F FF 7F 12 09 F1 F7 EF E5 55
TX,10:10:15.176,0x300,12,40 00 40 28 1C 01 06 01 00 41 EF 7A
RX,10:10:15.179,0x101,32,63 40 40 28 6C 01 1A 01 00 42 00 00 00 FF 7F 51 78 FF 7F EF 7A 43 80 FF 7F 12 09 F1 F7 EF E5 55
TX,10:10:15.196,0x300,12,40 00 40 28 1C 01 06 01 00 41 EF 7A
RX,10:10:15.200,0x101,32,64 40 40 28 6C 01 1A 01 00 42 00 00 00 FF 7F 51 78 FF 7F EF 7A 16 80 FF 7F 12 09 F1 F7 EF E5 55
TX,10:10:15.216,0x300,12,40 00 40 28 1C 01 06 01 00 41 EF 7A
RX,10:10:15.220,0x101,32,65 40 40 28 6C 01 1A 01 00 42 00 00 00 FF 7F 51 78 FF 7F EF 7A 10 80 FF 7F 12 09 F1 F7 EF E5 55
TX,10:10:15.236,0x300,12,40 00 40 28 1C 01 06 01 00 41 EF 7A
RX,10:10:15.239,0x101,32,66 40 40 28 6C 01 1A 01 00 42 00 00 00 FF 7F 51 78 FF 7F EF 7A E8 7F FF 7F 12 09 F1 F7 EF E5 55
TX,10:10:15.256,0x300,12,40 00 40 28 1C 01 06 01 00 41 EF 7A
TX,10:10:15.260,0x300,6,40 40 40 08 04 01
TX,10:10:15.263,0x300,12,40 40 00 09 1C 01 00 01 10 42 10 20
RX,10:10:15.267,0x101,32,67 40 40 28 6C 01 1A 01 00 42 00 00 00 FF 7F 51 78 FF 7F EF 7A 16 80 FF 7F 12 09 F1 F7 EF E5 55
RX,10:10:15.271,0x101,32,68 40 40 38 6C 01 1A 01 00 42 00 00 00 FF 7F 51 78 FF 7F EF 7A 16 80 FF 7F 12 09 F1 F7 EF E5 55
RX,10:10:15.274,0x101,16,69 40 00 39 24 01 00 01 10 42 10 20 02 00 01 20
TX,10:10:15.284,0x300,12,40 00 40 28 1C 01 06 01 00 41 EF 7A
RX,10:10:15.288,0x101,32,6A 40 40 28 6C 01 1A 01 00 42 00 00 00 FF 7F 51 78 FF 7F EF 7A 16 80 FF 7F 12 09 F1 F7 EF E5 55
TX,10:10:15.297,0x300,12,40 00 40 28 1C 01 06 01 00 41 EF 7A
RX,10:10:15.301,0x101,32,6B 40 40 28 6C 01 1A 01 00 42 00 00 00 FF 7F 51 78 FF 7F EF 7A 16 80 FF 7F 12 09 F1 F7 EF E5 55
TX,10:10:15.316,0x300,12,40 00 40 28 1C 01 06 01 00 41 EF 7A
RX,10:10:15.320,0x101,32,6C 40 40 28 6C 01 1A 01 00 42 00 00 00 FF 7F 51 78 FF 7F EF 7A 1B 80 FF 7F 12 09 F1 F7 EF E5 55
TX,10:10:15.335,0x300,12,40 00 40 28 1C 01 06 01 00 41 EF 7A
RX,10:10:15.339,0x101,32,6D 40 40 28 6C 01 1A 01 00 42 00 00 00 FF 7F 51 78 FF 7F EF 7A F9 7F FF 7F 12 08 F1 F7 EE E5 55
TX,10:10:15.355,0x300,12,40 00 40 28 1C 01 06 01 00 41 EF 7A
RX,10:10:15.359,0x101,32,6E 40 40 28 6C 01 1A 01 00 42 00 00 00 FF 7F 51 78 FF 7F EF 7A 27 80 FF 7F 12 08 F1 F7 EE E5 55
TX,10:10:15.375,0x300,12,40 00 40 28 1C 01 06 01 00 41 EF 7A
RX,10:10:15.384,0x101,32,6F 40 40 28 6C 01 1A 01 00 42 00 00 00 FF 7F 51 78 FF 7F EF 7A 0A 80 FF 7F 12 08 F1 F7 EE E5 55
TX,10:10:15.395,0x300,12,40 00 40 28 1C 01 06 01 00 41 EF 7A
RX,10:10:15.401,0x101,32,70 40 40 28 6C 01 1A 01 00 42 00 00 00 FF 7F 51 78 FF 7F EF 7A F9 7F FF 7F 12 08 F1 F7 EE E5 55
TX,10:10:15.417,0x300,12,40 00 40 28 1C 01 06 01 00 41 EF 7A
RX,10:10:15.422,0x101,32,71 40 40 28 6C 01 1A 01 00 42 00 00 00 FF 7F 51 78 FF 7F EF 7A F9 7F FF 7F 12 08 F1 F7 EE E5 55
TX,10:10:15.435,0x300,12,40 00 40 28 1C 01 06 01 00 41 EF 7A
RX,10:10:15.440,0x101,32,72 40 40 28 6C 01 1A 01 00 42 00 00 00 FF 7F 51 78 FF 7F EF 7A 1B 80 FF 7F 12 08 F1 F7 EE E5 55
TX,10:10:15.455,0x300,12,40 00 40 28 1C 01 06 01 00 41 EF 7A
RX,10:10:15.461,0x101,32,73 40 40 28 6C 01 1A 01 00 42 00 00 00 FF 7F 51 78 FF 7F EF 7A 16 80 FF 7F 12 08 F1 F7 EE E5 55
TX,10:10:15.475,0x300,12,40 00 40 28 1C 01 06 01 00 41 EF 7A
RX,10:10:15.480,0x101,32,74 40 40 28 6C 01 1A 01 00 42 00 00 00 FF 7F 51 78 FF 7F EF 7A 1B 80 FF 7F 12 08 F1 F7 EE E5 55
TX,10:10:15.495,0x300,12,40 00 40 28 1C 01 06 01 00 41 EF 7A
RX,10:10:15.500,0x101,32,75 40 40 28 6C 01 1A 01 00 42 00 00 00 FF 7F 51 78 FF 7F EF 7A 10 80 FF 7F 12 08 F1 F7 EE E5 55
TX,10:10:15.515,0x300,12,40 00 40 28 1C 01 06 01 00 41 EF 7A
RX,10:10:15.520,0x101,32,76 40 40 28 6C 01 1A 01 00 42 00 00 00 FF 7F 51 78 FF 7F EF 7A 16 80 FF 7F 12 08 F1 F7 EE E5 55
TX,10:10:15.536,0x300,12,40 00 40 28 1C 01 06 01 00 41 EF 7A
RX,10:10:15.543,0x101,32,77 40 40 28 6C 01 1A 01 00 42 00 00 00 FF 7F 51 78 FF 7F EF 7A 10 80 FF 7F 12 08 F1 F7 EE E5 55
TX,10:10:15.555,0x300,12,40 00 40 28 1C 01 06 01 00 41 EF 7A
RX,10:10:15.560,0x101,32,78 40 40 28 6C 01 1A 01 00 42 00 00 00 FF 7F 51 78 FF 7F EF 7A 3D 80 FF 7F 12 08 F1 F7 EE E5 55
TX,10:10:15.576,0x300,12,40 00 40 28 1C 01 06 01 00 41 EF 7A
RX,10:10:15.581,0x101,32,79 40 40 28 6C 01 1A 01 00 42 00 00 00 FF 7F 51 78 FF 7F EF 7A 1B 80 FF 7F 12 09 F1 F7 EF E5 55
TX,10:10:15.595,0x300,12,40 00 40 28 1C 01 06 01 00 41 EF 7A
RX,10:10:15.601,0x101,32,7A 40 40 28 6C 01 1A 01 00 42 00 00 00 FF 7F 51 78 FF 7F EF 7A FF 7F FF 7F 12 09 F1 F7 EF E5 55
TX,10:10:15.616,0x300,12,40 00 40 28 1C 01 06 01 00 41 EF 7A
RX,10:10:15.622,0x101,32,7B 40 40 28 6C 01 1A 01 00 42 00 00 00 FF 7F 51 78 FF 7F EF 7A 10 80 FF 7F 12 09 F1 F7 EF E5 55
TX,10:10:15.636,0x300,12,40 00 40 28 1C 01 06 01 00 41 EF 7A
RX,10:10:15.641,0x101,32,7C 40 40 28 6C 01 1A 01 00 42 00 00 00 FF 7F 51 78 FF 7F EF 7A 38 80 FF 7F 12 09 F1 F7 EF E5 55
TX,10:10:15.656,0x300,12,40 00 40 28 1C 01 06 01 00 41 EF 7A
RX,10:10:15.662,0x101,32,7D 40 40 28 6C 01 1A 01 00 42 00 00 00 FF 7F 51 78 FF 7F EF 7A 10 80 FF 7F 12 09 F1 F7 EF E5 55
TX,10:10:15.676,0x300,12,40 00 40 28 1C 01 06 01 00 41 EF 7A
RX,10:10:15.681,0x101,32,7E 40 40 28 6C 01 1A 01 00 42 00 00 00 FF 7F 51 78 FF 7F EF 7A 16 80 FF 7F 12 09 F1 F7 EF E5 55
TX,10:10:15.695,0x300,12,40 00 40 28 1C 01 06 01 00 41 EF 7A
RX,10:10:15.701,0x101,32,7F 40 40 28 6C 01 1A 01 00 42 00 00 00 FF 7F 51 78 FF 7F EF 7A 16 80 FF 7F 12 09 F1 F7 EF E5 55
TX,10:10:15.715,0x300,12,40 00 40 28 1C 01 06 01 00 41 EF 7A
RX,10:10:15.721,0x101,32,40 40 40 28 6C 01 1A 01 00 42 00 00 00 FF 7F 51 78 FF 7F EF 7A E8 7F FF 7F 12 09 F1 F7 EF E5 55
TX,10:10:15.736,0x300,12,40 00 40 28 1C 01 06 01 00 41 EF 7A
RX,10:10:15.742,0x101,32,41 40 40 28 6C 01 1A 01 00 42 00 00 00 FF 7F 51 78 FF 7F EF 7A 32 80 FF 7F 12 09 F1 F7 EF E5 55
TX,10:10:15.755,0x300,6,40 40 40 08 04 01
TX,10:10:15.760,0x300,12,40 40 00 09 1C 01 00 01 10 42 10 20
TX,10:10:15.766,0x300,12,40 00 40 28 1C 01 06 01 00 41 EF 7A
RX,10:10:15.772,0x101,32,42 40 40 38 6C 01 1A 01 00 42 00 00 00 FF 7F 51 78 FF 7F EF 7A 10 80 FF 7F 12 09 F1 F7 EF E5 55
RX,10:10:15.777,0x101,16,43 40 00 39 24 01 00 01 10 42 10 20 02 00 01 20
RX,10:10:15.783,0x101,32,44 40 40 28 6C 01 1A 01 00 42 00 00 00 FF 7F 51 78 FF 7F EF 7A 1B 80 FF 7F 12 09 F1 F7 EF E5 55
TX,10:10:15.791,0x300,12,40 00 40 28 1C 01 06 01 00 41 EF 7A
RX,10:10:15.797,0x101,32,45 40 40 28 6C 01 1A 01 00 42 00 00 00 FF 7F 51 78 FF 7F EF 7A 10 80 FF 7F 12 09 F1 F7 EF E5 55
TX,10:10:15.803,0x300,12,40 00 40 28 1C 01 06 01 00 41 EF 7A
RX,10:10:15.812,0x101,32,46 40 40 28 6C 01 1A 01 00 42 00 00 00 FF 7F 51 78 FF 7F EF 7A 16 80 FF 7F 12 09 F1 F7 EF E5 55
TX,10:10:15.819,0x300,12,40 00 40 28 1C 01 06 01 00 41 EF 7A
RX,10:10:15.826,0x101,32,47 40 40 28 6C 01 1A 01 00 42 00 00 00 FF 7F 51 78 FF 7F EF 7A F9 7F FF 7F 12 09 F1 F7 EF E5 55
TX,10:10:15.839,0x300,12,40 00 40 28 1C 01 06 01 00 41 EF 7A
RX,10:10:15.845,0x101,32,48 40 40 28 6C 01 1A 01 00 42 00 00 00 FF 7F 51 78 FF 7F EF 7A 16 80 FF 7F 12 09 F1 F7 EF E5 55
TX,10:10:15.857,0x300,12,40 00 40 28 1C 01 06 01 00 41 EF 7A
RX,10:10:15.864,0x101,32,49 40 40 28 6C 01 1A 01 00 42 00 00 00 FF 7F 51 78 FF 7F EF 7A F9 7F FF 7F 12 09 F1 F7 EF E5 55
TX,10:10:15.876,0x300,12,40 00 40 28 1C 01 06 01 00 41 EF 7A
RX,10:10:15.887,0x101,32,4A 40 40 28 6C 01 1A 01 00 42 00 00 00 FF 7F 51 78 FF 7F EF 7A 38 80 FF 7F 12 08 F1 F7 EE E5 55
TX,10:10:15.900,0x300,12,40 00 40 28 1C 01 06 01 00 41 EF 7A
RX,10:10:15.907,0x101,32,4B 40 40 28 6C 01 1A 01 00 42 00 00 00 FF 7F 51 78 FF 7F EF 7A 38 80 FF 7F 12 08 F1 F7 EE E5 55
TX,10:10:15.919,0x300,12,40 00 40 28 1C 01 06 01 00 41 EF 7A
RX,10:10:15.926,0x101,32,4C 40 40 28 6C 01 1A 01 00 42 00 00 00 FF 7F 51 78 FF 7F EF 7A 16 80 FF 7F 12 08 F1 F7 EE E5 55
TX,10:10:15.937,0x300,12,40 00 40 28 1C 01 06 01 00 41 EF 7A
RX,10:10:15.944,0x101,32,4D 40 40 28 6C 01 1A 01 00 42 00 00 00 FF 7F 51 78 FF 7F EF 7A 27 80 FF 7F 12 08 F1 F7 EE E5 55
TX,10:10:15.956,0x300,12,40 00 40 28 1C 01 06 01 00 41 EF 7A
RX,10:10:15.965,0x101,32,4E 40 40 28 6C 01 1A 01 00 42 00 00 00 FF 7F 51 78 FF 7F EF 7A 32 80 FF 7F 12 08 F1 F7 EE E5 55
TX,10:10:15.977,0x300,12,40 00 40 28 1C 01 06 01 00 41 EF 7A
RX,10:10:15.984,0x101,32,4F 40 40 28 6C 01 1A 01 00 42 00 00 00 FF 7F 51 78 FF 7F EF 7A 05 80 FF 7F 12 08 F1 F7 EE E5 55
TX,10:10:15.998,0x300,12,40 00 40 28 1C 01 06 01 00 41 EF 7A
RX,10:10:16.005,0x101,32,50 40 40 28 6C 01 1A 01 00 42 00 00 00 FF 7F 51 78 FF 7F EF 7A 10 80 FF 7F 12 09 F1 F7 EF E5 55
TX,10:10:16.016,0x300,12,40 00 40 28 1C 01 06 01 00 41 EF 7A
RX,10:10:16.023,0x101,32,51 40 40 28 6C 01 1A 01 00 42 00 00 00 FF 7F 51 78 FF 7F EF 7A 1B 80 FF 7F 12 09 F1 F7 EF E5 55
TX,10:10:16.036,0x300,12,40 00 40 28 1C 01 06 01 00 41 EF 7A
RX,10:10:16.044,0x101,32,52 40 40 28 6C 01 1A 01 00 42 00 00 00 FF 7F 51 78 FF 7F EF 7A 10 80 FF 7F 12 08 F1 F7 EE E5 55
TX,10:10:16.057,0x300,12,40 00 40 28 1C 01 06 01 00 41 EF 7A
RX,10:10:16.064,0x101,32,53 40 40 28 6C 01 1A 01 00 42 00 00 00 FF 7F 51 78 FF 7F EF 7A 38 80 FF 7F 12 09 F1 F7 EF E5 55
TX,10:10:16.077,0x300,12,40 00 40 28 1C 01 06 01 00 41 EF 7A
RX,10:10:16.085,0x101,32,54 40 40 28 6C 01 1A 01 00 42 00 00 00 FF 7F 51 78 FF 7F EF 7A 32 80 FF 7F 12 09 F1 F7 EF E5 55
TX,10:10:16.099,0x300,12,40 00 40 28 1C 01 06 01 00 41 EF 7A
RX,10:10:16.108,0x101,32,55 40 40 28 6C 01 1A 01 00 42 00 00 00 FF 7F 51 78 FF 7F EF 7A 27 80 FF 7F 12 09 F1 F7 EF E5 55
TX,10:10:16.117,0x300,12,40 00 40 28 1C 01 06 01 00 41 EF 7A
RX,10:10:16.125,0x101,32,56 40 40 28 6C 01 1A 01 00 42 00 00 00 FF 7F 51 78 FF 7F EF 7A 21 80 FF 7F 12 09 F1 F7 EF E5 55
TX,10:10:16.136,0x300,12,40 00 40 28 1C 01 06 01 00 41 EF 7A
RX,10:10:16.146,0x101,32,57 40 40 28 6C 01 1A 01 00 42 00 00 00 FF 7F 51 78 FF 7F EF 7A 32 80 FF 7F 12 09 F1 F7 EF E5 55
TX,10:10:16.157,0x300,12,40 00 40 28 1C 01 06 01 00 41 EF 7A
RX,10:10:16.167,0x101,32,58 40 40 28 6C 01 1A 01 00 42 00 00 00 FF 7F 51 78 FF 7F EF 7A 43 80 FF 7F 12 09 F1 F7 EF E5 55
TX,10:10:16.177,0x300,12,40 00 40 28 1C 01 06 01 00 41 EF 7A
RX,10:10:16.184,0x101,32,59 40 40 28 6C 01 1A 01 00 42 00 00 00 FF 7F 51 78 FF 7F EF 7A 27 80 FF 7F 12 09 F1 F7 EF E5 55
TX,10:10:16.196,0x300,12,40 00 40 28 1C 01 06 01 00 41 EF 7A
RX,10:10:16.205,0x101,32,5A 40 40 28 6C 01 1A 01 00 42 00 00 00 FF 7F 51 78 FF 7F EF 7A 16 80 FF 7F 12 09 F1 F7 EF E5 55
TX,10:10:16.216,0x300,12,40 00 40 28 1C 01 06 01 00 41 EF 7A
RX,10:10:16.227,0x101,32,5B 40 40 28 6C 01 1A 01 00 42 00 00 00 FF 7F 51 78 FF 7F EF 7A 32 80 FF 7F 12 09 F1 F7 EF E5 55
TX,10:10:16.241,0x300,12,40 00 40 28 1C 01 06 01 00 41 EF 7A
RX,10:10:16.249,0x101,32,5C 40 40 28 6C 01 1A 01 00 42 00 00 00 FF 7F 51 78 FF 7F EF 7A 43 80 FF 7F 12 09 F1 F7 EF E5 55
TX,10:10:16.259,0x300,6,40 40 40 08 04 01
TX,10:10:16.268,0x300,12,40 40 00 09 1C 01 00 01 10 42 10 20
TX,10:10:16.278,0x300,12,40 00 40 28 1C 01 06 01 00 41 EF 7A
RX,10:10:16.286,0x101,32,5D 40 40 38 6C 01 1A 01 00 42 00 00 00 FF 7F 51 78 FF 7F EF 7A 27 80 FF 7F 12 09 F1 F7 EF E5 55
RX,10:10:16.296,0x101,16,5E 40 00 39 24 01 00 01 10 42 10 20 02 00 01 20
RX,10:10:16.305,0x101,32,5F 40 40 28 6C 01 1A 01 00 42 00 00 00 FF 7F 51 78 FF 7F EF 7A 27 80 FF 7F 12 09 F1 F7 EF E5 55
TX,10:10:16.319,0x300,12,40 00 40 28 1C 01 06 01 00 41 EF 7A
RX,10:10:16.329,0x101,32,60 40 40 28 6C 01 1A 01 00 42 00 00 00 FF 7F 51 78 FF 7F EF 7A 3D 80 FF 7F 12 09 F1 F7 EF E5 55
TX,10:10:16.340,0x300,12,40 00 40 28 1C 01 06 01 00 41 EF 7A
RX,10:10:16.348,0x101,32,61 40 40 28 6C 01 1A 01 00 42 00 00 00 FF 7F 51 78 FF 7F EF 7A 43 80 FF 7F 12 09 F1 F7 EF E5 55
TX,10:10:16.359,0x300,12,40 00 40 28 1C 01 06 01 00 41 EF 7A
RX,10:10:16.368,0x101,32,62 40 40 28 6C 01 1A 01 00 42 00 00 00 FF 7F 51 78 FF 7F EF 7A 27 80 FF 7F 12 09 F1 F7 EF E5 55
TX,10:10:16.380,0x300,12,40 00 40 28 1C 01 06 01 00 41 EF 7A
RX,10:10:16.389,0x101,32,63 40 40 28 6C 01 1A 01 00 42 00 00 00 FF 7F 51 78 FF 7F EF 7A 5A 80 FF 7F 12 09 F1 F7 EF E5 55
TX,10:10:16.398,0x300,12,40 00 40 28 1C 01 06 01 00 41 EF 7A
RX,10:10:16.406,0x101,32,64 40 40 28 6C 01 1A 01 00 42 00 00 00 FF 7F 51 78 FF 7F EF 7A 32 80 FF 7F 12 09 F1 F7 EF E5 55
TX,10:10:16.418,0x300,12,40 00 40 28 1C 01 06 01 00 41 EF 7A
RX,10:10:16.425,0x101,32,65 40 40 28 6C 01 1A 01 00 42 00 00 00 FF 7F 51 78 FF 7F EF 7A 43 80 FF 7F 12 09 F1 F7 EF E5 55
TX,10:10:16.436,0x300,12,40 00 40 28 1C 01 06 01 00 41 EF 7A
RX,10:10:16.446,0x101,32,66 40 40 28 6C 01 1A 01 00 42 00 00 00 FF 7F 51 78 FF 7F EF 7A 1B 80 FF 7F 12 09 F1 F7 EF E5 55
TX,10:10:16.459,0x300,12,40 00 40 28 1C 01 06 01 00 41 EF 7A
RX,10:10:16.468,0x101,32,67 40 40 28 6C 01 1A 01 00 42 00 00 00 FF 7F 51 78 FF 7F EF 7A 4E 80 FF 7F 12 09 F1 F7 EF E5 55
TX,10:10:16.477,0x300,12,40 00 40 28 1C 01 06 01 00 41 EF 7A
RX,10:10:16.486,0x101,32,68 40 40 28 6C 01 1A 01 00 42 00 00 00 FF 7F 51 78 FF 7F EF 7A 38 80 FF 7F 12 09 F1 F7 EF E5 55
TX,10:10:16.499,0x300,12,40 00 40 28 1C 01 06 01 00 41 EF 7A
RX,10:10:16.509,0x101,32,69 40 40 28 6C 01 1A 01 00 42 00 00 00 FF 7F 51 78 FF 7F EF 7A 43 80 FF 7F 12 09 F1 F7 EF E5 55
TX,10:10:16.519,0x300,12,40 00 40 28 1C 01 06 01 00 41 EF 7A
RX,10:10:16.528,0x101,32,6A 40 40 28 6C 01 1A 01 00 42 00 00 00 FF 7F 51 78 FF 7F EF 7A 3D 80 FF 7F 12 09 F1 F7 EF E5 55
TX,10:10:16.543,0x300,12,40 00 40 28 1C 01 06 01 00 41 EF 7A
RX,10:10:16.553,0x101,32,6B 40 40 28 6C 01 1A 01 00 42 00 00 00 FF 7F 51 78 FF 7F EF 7A 16 80 FF 7F 12 09 F1 F7 EF E5 55
TX,10:10:16.563,0x300,12,40 00 40 28 1C 01 06 01 00 41 EF 7A
RX,10:10:16.573,0x101,32,6C 40 40 28 6C 01 1A 01 00 42 00 00 00 FF 7F 51 78 FF 7F EF 7A 16 80 FF 7F 12 09 F1 F7 EF E5 55
TX,10:10:16.586,0x300,12,40 00 40 28 1C 01 06 01 00 41 EF 7A
RX,10:10:16.596,0x101,32,6D 40 40 28 6C 01 1A 01 00 42 00 00 00 FF 7F 51 78 FF 7F EF 7A 27 80 FF 7F 12 09 F1 F7 EF E5 55
TX,10:10:16.606,0x300,12,40 00 40 28 1C 01 06 01 00 41 EF 7A
RX,10:10:16.615,0x101,32,6E 40 40 28 6C 01 1A 01 00 42 00 00 00 FF 7F 51 78 FF 7F EF 7A 27 80 FF 7F 12 09 F1 F7 EF E5 55
TX,10:10:16.628,0x300,12,40 00 40 28 1C 01 06 01 00 41 EF 7A
RX,10:10:16.636,0x101,32,6F 40 40 28 6C 01 1A 01 00 42 00 00 00 FF 7F 51 78 FF 7F EF 7A 32 80 FF 7F 12 09 F1 F7 EF E5 55
TX,10:10:16.648,0x300,12,40 00 40 28 1C 01 06 01 00 41 EF 7A
RX,10:10:16.659,0x101,32,70 40 40 28 6C 01 1A 01 00 42 00 00 00 FF 7F 51 78 FF 7F EF 7A 38 80 FF 7F 12 09 F1 F7 EF E5 55
TX,10:10:16.671,0x300,12,40 00 40 28 1C 01 06 01 00 41 EF 7A
RX,10:10:16.680,0x101,32,71 40 40 28 6C 01 1A 01 00 42 00 00 00 FF 7F 51 78 FF 7F EF 7A 43 80 FF 7F 12 09 F1 F7 EF E5 55
TX,10:10:16.691,0x300,12,40 00 40 28 1C 01 06 01 00 41 EF 7A
RX,10:10:16.700,0x101,32,72 40 40 28 6C 01 1A 01 00 42 00 00 00 FF 7F 51 78 FF 7F EF 7A 27 80 FF 7F 12 09 F1 F7 EF E5 55
TX,10:10:16.709,0x300,12,40 00 40 28 1C 01 06 01 00 41 EF 7A
RX,10:10:16.719,0x101,32,73 40 40 28 6C 01 1A 01 00 42 00 00 00 FF 7F 51 78 FF 7F EF 7A 43 80 FF 7F 12 09 F1 F7 EF E5 55
TX,10:10:16.732,0x300,12,40 00 40 28 1C 01 06 01 00 41 EF 7A
RX,10:10:16.742,0x101,32,74 40 40 28 6C 01 1A 01 00 42 00 00 00 FF 7F 51 78 FF 7F EF 7A 43 80 FF 7F 12 09 F1 F7 EF E5 55
TX,10:10:16.752,0x300,12,40 00 40 28 1C 01 06 01 00 41 EF 7A
RX,10:10:16.763,0x101,32,75 40 40 28 6C 01 1A 01 00 42 00 00 00 FF 7F 51 78 FF 7F EF 7A 49 80 FF 7F 12 09 F1 F7 EF E5 55
TX,10:10:16.778,0x300,6,40 40 40 08 04 01
TX,10:10:16.787,0x300,12,40 40 00 09 1C 01 00 01 10 42 10 20
TX,10:10:16.797,0x300,12,40 00 40 28 1C 01 06 01 00 41 EF 7A
RX,10:10:16.808,0x101,32,76 40 40 38 6C 01 1A 01 00 42 00 00 00 FF 7F 51 78 FF 7F EF 7A 49 80 FF 7F 12 09 F1 F7 EF E5 55
RX,10:10:16.818,0x101,16,77 40 00 39 24 01 00 01 10 42 10 20 02 00 01 20
RX,10:10:16.828,0x101,32,78 40 40 28 6C 01 1A 01 00 42 00 00 00 FF 7F 51 78 FF 7F EF 7A 49 80 FF 7F 12 08 F1 F7 EE E5 55
TX,10:10:16.842,0x300,12,40 00 40 28 1C 01 06 01 00 41 EF 7A
RX,10:10:16.852,0x101,32,79 40 40 28 6C 01 1A 01 00 42 00 00 00 FF 7F 51 78 FF 7F EF 7A 43 80 FF 7F 12 08 F1 F7 EE E5 55
TX,10:10:16.862,0x300,12,40 00 40 28 1C 01 06 01 00 41 EF 7A
RX,10:10:16.871,0x101,32,7A 40 40 28 6C 01 1A 01 00 42 00 00 00 FF 7F 51 78 FF 7F EF 7A 4E 80 FF 7F 12 09 F1 F7 EF E5 55
TX,10:10:16.884,0x300,12,40 00 40 28 1C 01 06 01 00 41 EF 7A
RX,10:10:16.895,0x101,32,7B 40 40 28 6C 01 1A 01 00 42 00 00 00 FF 7F 51 78 FF 7F EF 7A 49 80 FF 7F 12 08 F1 F7 EE E5 55
TX,10:10:16.906,0x300,12,40 00 40 28 1C 01 06 01 00 41 EF 7A
RX,10:10:16.915,0x101,32,7C 40 40 28 6C 01 1A 01 00 42 00 00 00 FF 7F 51 78 FF 7F EF 7A 10 80 FF 7F 12 08 F1 F7 EE E5 55
TX,10:10:16.932,0x300,12,40 00 40 28 1C 01 06 01 00 41 EF 7A
RX,10:10:16.944,0x101,32,7D 40 40 28 6C 01 1A 01 00 42 00 00 00 FF 7F 51 78 FF 7F EF 7A 54 80 FF 7F 12 08 F1 F7 EE E5 55
TX,10:10:16.956,0x300,12,40 00 40 28 1C 01 06 01 00 41 EF 7A
RX,10:10:16.967,0x101,32,7E 40 40 28 6C 01 1A 01 00 42 00 00 00 FF 7F 51 78 FF 7F EF 7A 43 80 FF 7F 12 08 F1 F7 EE E5 55
TX,10:10:16.980,0x300,12,40 00 40 28 1C 01 06 01 00 41 EF 7A
RX,10:10:16.990,0x101,32,7F 40 40 28 6C 01 1A 01 00 42 00 00 00 FF 7F 51 78 FF 7F EF 7A 43 80 FF 7F 12 09 F1 F7 EF E5 55
TX,10:10:17.001,0x300,12,40 00 40 28 1C 01 06 01 00 41 EF 7A
RX,10:10:17.012,0x101,32,40 40 40 28 6C 01 1A 01 00 42 00 00 00 FF 7F 51 78 FF 7F EF 7A 38 80 FF 7F 12 09 F1 F7 EF E5 55
TX,10:10:17.026,0x300,12,40 00 40 28 1C 01 06 01 00 41 EF 7A
RX,10:10:17.036,0x101,32,41 40 40 28 6C 01 1A 01 00 42 00 00 00 FF 7F 51 78 FF 7F EF 7A 49 80 FF 7F 12 09 F1 F7 EF E5 55
TX,10:10:17.046,0x300,12,40 00 40 28 1C 01 06 01 00 41 EF 7A
RX,10:10:17.058,0x101,32,42 40 40 28 6C 01 1A 01 00 42 00 00 00 FF 7F 51 78 FF 7F EF 7A 38 80 FF 7F 12 09 F1 F7 EF E5 55
TX,10:10:17.072,0x300,12,40 00 40 28 1C 01 06 01 00 41 EF 7A
RX,10:10:17.085,0x101,32,43 40 40 28 6C 01 1A 01 00 42 00 00 00 FF 7F 51 78 FF 7F EF 7A 49 80 FF 7F 12 09 F1 F7 EF E5 55
TX,10:10:17.097,0x300,12,40 00 40 28 1C 01 06 01 00 41 EF 7A
RX,10:10:17.108,0x101,32,44 40 40 28 6C 01 1A 01 00 42 00 00 00 FF 7F 51 78 FF 7F EF 7A 43 80 FF 7F 12 09 F1 F7 EF E5 55
TX,10:10:17.126,0x300,12,40 00 40 28 1C 01 06 01 00 41 EF 7A
RX,10:10:17.137,0x101,32,45 40 40 28 6C 01 1A 01 00 42 00 00 00 FF 7F 51 78 FF 7F EF 7A 49 80 FF 7F 12 09 F1 F7 EF E5 55
TX,10:10:17.152,0x300,12,40 00 40 28 1C 01 06 01 00 41 EF 7A
RX,10:10:17.163,0x101,32,46 40 40 28 6C 01 1A 01 00 42 00 00 00 FF 7F 51 78 FF 7F EF 7A 38 80 FF 7F 12 09 F1 F7 EF E5 55
TX,10:10:17.176,0x300,12,40 00 40 28 1C 01 06 01 00 41 EF 7A
RX,10:10:17.187,0x101,32,47 40 40 28 6C 01 1A 01 00 42 00 00 00 FF 7F 51 78 FF 7F EF 7A 43 80 FF 7F 12 09 F1 F7 EF E5 55
TX,10:10:17.201,0x300,12,40 00 40 28 1C 01 06 01 00 41 EF 7A
RX,10:10:17.214,0x101,32,48 40 40 28 6C 01 1A 01 00 42 00 00 00 FF 7F 51 78 FF 7F EF 7A 43 80 FF 7F 12 09 F1 F7 EF E5 55
TX,10:10:17.226,0x300,12,40 00 40 28 1C 01 06 01 00 41 EF 7A
RX,10:10:17.238,0x101,32,49 40 40 28 6C 01 1A 01 00 42 00 00 00 FF 7F 51 78 FF 7F EF 7A 98 80 FF 7F 12 09 F1 F7 EF E5 55
TX,10:10:17.253,0x300,12,40 00 40 28 1C 01 06 01 00 41 EF 7A
RX,10:10:17.266,0x101,32,4A 40 40 28 6C 01 1A 01 00 42 00 00 00 FF 7F 51 78 FF 7F EF 7A 4E 80 FF 7F 12 09 F1 F7 EF E5 55
TX,10:10:17.278,0x300,6,40 40 40 08 04 01
TX,10:10:17.289,0x300,12,40 40 00 09 1C 01 00 01 10 42 10 20
TX,10:10:17.299,0x300,12,40 00 40 28 1C 01 06 01 00 41 EF 7A
RX,10:10:17.311,0x101,32,4B 40 40 38 6C 01 1A 01 00 42 00 00 00 FF 7F 51 78 FF 7F EF 7A 5A 80 FF 7F 12 09 F1 F7 EF E5 55
RX,10:10:17.323,0x101,16,4C 40 00 39 24 01 00 01 10 42 10 20 02 00 01 20
RX,10:10:17.336,0x101,32,4D 40 40 28 6C 01 1A 01 00 42 00 00 00 FF 7F 51 78 FF 7F EF 7A 8D 80 FF 7F 12 09 F1 F7 EF E5 55
TX,10:10:17.352,0x300,12,40 00 40 28 1C 01 06 01 00 41 EF 7A
RX,10:10:17.365,0x101,32,4E 40 40 28 6C 01 1A 01 00 42 00 00 00 FF 7F 51 78 FF 7F EF 7A 5A 80 FF 7F 12 09 F1 F7 EF E5 55
TX,10:10:17.379,0x300,12,40 00 40 28 1C 01 06 01 00 41 EF 7A
RX,10:10:17.390,0x101,32,4F 40 40 28 6C 01 1A 01 00 42 00 00 00 FF 7F 51 78 FF 7F EF 7A 43 80 FF 7F 12 09 F1 F7 EF E5 55
TX,10:10:17.405,0x300,12,40 00 40 28 1C 01 06 01 00 41 EF 7A
RX,10:10:17.416,0x101,32,50 40 40 28 6C 01 1A 01 00 42 00 00 00 FF 7F 51 78 FF 7F EF 7A 5A 80 FF 7F 12 09 F1 F7 EF E5 55
TX,10:10:17.428,0x300,12,40 00 40 28 1C 01 06 01 00 41 EF 7A
RX,10:10:17.439,0x101,32,51 40 40 28 6C 01 1A 01 00 42 00 00 00 FF 7F 51 78 FF 7F EF 7A 4E 80 FF 7F 12 09 F1 F7 EF E5 55
TX,10:10:17.456,0x300,12,40 00 40 28 1C 01 06 01 00 41 EF 7A
RX,10:10:17.469,0x101,32,52 40 40 28 6C 01 1A 01 00 42 00 00 00 FF 7F 51 78 FF 7F EF 7A 5A 80 FF 7F 12 09 F1 F7 EF E5 55
TX,10:10:17.484,0x300,12,40 00 40 28 1C 01 06 01 00 41 EF 7A
RX,10:10:17.495,0x101,32,53 40 40 28 6C 01 1A 01 00 42 00 00 00 FF 7F 51 78 FF 7F EF 7A 65 80 FF 7F 12 09 F1 F7 EF E5 55
TX,10:10:17.511,0x300,12,40 00 40 28 1C 01 06 01 00 41 EF 7A
RX,10:10:17.523,0x101,32,54 40 40 28 6C 01 1A 01 00 42 00 00 00 FF 7F 51 78 FF 7F EF 7A 6B 80 FF 7F 12 09 F1 F7 EF E5 55
TX,10:10:17.537,0x300,12,40 00 40 28 1C 01 06 01 00 41 EF 7A
RX,10:10:17.548,0x101,32,55 40 40 28 6C 01 1A 01 00 42 00 00 00 FF 7F 51 78 FF 7F EF 7A 6B 80 FF 7F 12 09 F1 F7 EF E5 55
TX,10:10:17.563,0x300,12,40 00 40 28 1C 01 06 01 00 41 EF 7A
RX,10:10:17.576,0x101,32,56 40 40 28 6C 01 1A 01 00 42 00 00 00 FF 7F 51 78 FF 7F EF 7A 7C 80 FF 7F 12 09 F1 F7 EF E5 55
TX,10:10:17.589,0x300,12,40 00 40 28 1C 01 06 01 00 41 EF 7A
RX,10:10:17.601,0x101,32,57 40 40 28 6C 01 1A 01 00 42 00 00 00 FF 7F 51 78 FF 7F EF 7A 6B 80 FF 7F 12 09 F1 F7 EF E5 55
TX,10:10:17.616,0x300,12,40 00 40 28 1C 01 06 01 00 41 EF 7A
RX,10:10:17.629,0x101,32,58 40 40 28 6C 01 1A 01 00 42 00 00 00 FF 7F 51 78 FF 7F EF 7A 43 80 FF 7F 12 09 F1 F7 EF E5 55
TX,10:10:17.646,0x300,12,40 00 40 28 1C 01 06 01 00 41 EF 7A
RX,10:10:17.658,0x101,32,59 40 40 28 6C 01 1A 01 00 42 00 00 00 FF 7F 51 78 FF 7F EF 7A 54 80 FF 7F 12 09 F1 F7 EF E5 55
TX,10:10:17.671,0x300,12,40 00 40 28 1C 01 06 01 00 41 EF 7A
RX,10:10:17.685,0x101,32,5A 40 40 28 6C 01 1A 01 00 42 00 00 00 FF 7F 51 78 FF 7F EF 7A 8D 80 FF 7F 12 09 F1 F7 EF E5 55
TX,10:10:17.702,0x300,12,40 00 40 28 1C 01 06 01 00 41 EF 7A
RX,10:10:17.714,0x101,32,5B 40 40 28 6C 01 1A 01 00 42 00 00 00 FF 7F 51 78 FF 7F EF 7A 7C 80 FF 7F 12 09 F1 F7 EF E5 55
TX,10:10:17.726,0x300,12,40 00 40 28 1C 01 06 01 00 41 EF 7A
RX,10:10:17.738,0x101,32,5C 40 40 28 6C 01 1A 01 00 42 00 00 00 FF 7F 51 78 FF 7F EF 7A 87 80 FF 7F 12 09 F1 F7 EF E5 55
TX,10:10:17.753,0x300,12,40 00 40 28 1C 01 06 01 00 41 EF 7A
RX,10:10:17.765,0x101,32,5D 40 40 28 6C 01 1A 01 00 42 00 00 00 FF 7F 51 78 FF 7F EF 7A 5A 80 FF 7F 12 09 F1 F7 EF E5 55
TX,10:10:17.778,0x300,6,40 40 40 08 04 01
TX,10:10:17.790,0x300,12,40 40 00 09 1C 01 00 01 10 42 10 20
TX,10:10:17.802,0x300,12,40 00 40 28 1C 01 06 01 00 41 EF 7A
RX,10:10:17.815,0x101,32,5E 40 40 38 6C 01 1A 01 00 42 00 00 00 FF 7F 51 78 FF 7F EF 7A 76 80 FF 7F 12 09 F1 F7 EF E5 55
RX,10:10:17.826,0x101,16,5F 40 00 39 24 01 00 01 10 42 10 20 02 00 01 20
RX,10:10:17.840,0x101,32,60 40 40 28 6C 01 1A 01 00 42 00 00 00 FF 7F 51 78 FF 7F EF 7A 98 80 FF 7F 12 09 F1 F7 EF E5 55
TX,10:10:17.857,0x300,12,40 00 40 28 1C 01 06 01 00 41 EF 7A
RX,10:10:17.871,0x101,32,61 40 40 28 6C 01 1A 01 00 42 00 00 00 FF 7F 51 78 FF 7F EF 7A 87 80 FF 7F 12 0A F1 F7 F0 E5 55
TX,10:10:17.892,0x300,12,40 00 40 28 1C 01 06 01 00 41 EF 7A
RX,10:10:17.905,0x101,32,62 40 40 28 6C 01 1A 01 00 42 00 00 00 FF 7F 51 78 FF 7F EF 7A 76 80 FF 7F 12 0A F1 F7 F0 E5 55
TX,10:10:17.921,0x300,12,40 00 40 28 1C 01 06 01 00 41 EF 7A
RX,10:10:17.933,0x101,32,63 40 40 28 6C 01 1A 01 00 42 00 00 00 FF 7F 51 78 FF 7F EF 7A 87 80 FF 7F 12 0A F1 F7 F0 E5 55
TX,10:10:17.951,0x300,12,40 00 40 28 1C 01 06 01 00 41 EF 7A
RX,10:10:17.965,0x101,32,64 40 40 28 6C 01 1A 01 00 42 00 00 00 FF 7F 51 78 FF 7F EF 7A AF 80 FF 7F 12 0A F1 F7 F0 E5 55
TX,10:10:17.983,0x300,12,40 00 40 28 1C 01 06 01 00 41 EF 7A
RX,10:10:17.998,0x101,32,65 40 40 28 6C 01 1A 01 00 42 00 00 00 FF 7F 51 78 FF 7F EF 7A 6B 80 FF 7F 12 0A F1 F7 F0 E5 55
TX,10:10:18.015,0x300,12,40 00 40 28 1C 01 06 01 00 41 EF 7A
RX,10:10:18.029,0x101,32,66 40 40 28 6C 01 1A 01 00 42 00 00 00 FF 7F 51 78 FF 7F EF 7A 9E 80 FF 7F 12 0A F1 F7 F0 E5 55
TX,10:10:18.044,0x300,12,40 00 40 28 1C 01 06 01 00 41 EF 7A
RX,10:10:18.061,0x101,32,67 40 40 28 6C 01 1A 01 00 42 00 00 00 FF 7F 51 78 FF 7F EF 7A 87 80 FF 7F 12 0A F1 F7 F0 E5 55
TX,10:10:18.086,0x300,12,40 00 40 28 1C 01 06 01 00 41 EF 7A
RX,10:10:18.099,0x101,32,68 40 40 28 6C 01 1A 01 00 42 00 00 00 FF 7F 51 78 FF 7F EF 7A 8D 80 FF 7F 12 0A F1 F7 F0 E5 55
TX,10:10:18.118,0x300,12,40 00 40 28 1C 01 06 01 00 41 EF 7A
RX,10:10:18.132,0x101,32,69 40 40 28 6C 01 1A 01 00 42 00 00 00 FF 7F 51 78 FF 7F EF 7A 87 80 FF 7F 12 0A F1 F7 F0 E5 55
TX,10:10:18.149,0x300,12,40 00 40 28 1C 01 06 01 00 41 EF 7A
RX,10:10:18.163,0x101,32,6A 40 40 28 6C 01 1A 01 00 42 00 00 00 FF 7F 51 78 FF 7F EF 7A 8D 80 FF 7F 12 0A F1 F7 F0 E5 55
TX,10:10:18.177,0x300,12,40 00 40 28 1C 01 06 01 00 41 EF 7A
RX,10:10:18.191,0x101,32,6B 40 40 28 6C 01 1A 01 00 42 00 00 00 FF 7F 51 78 FF 7F EF 7A 8D 80 FF 7F 12 0A F1 F7 F0 E5 55
TX,10:10:18.208,0x300,12,40 00 40 28 1C 01 06 01 00 41 EF 7A
RX,10:10:18.222,0x101,32,6C 40 40 28 6C 01 1A 01 00 42 00 00 00 FF 7F 51 78 FF 7F EF 7A 8D 80 FF 7F 12 0A F1 F7 F0 E5 55
TX,10:10:18.236,0x300,12,40 00 40 28 1C 01 06 01 00 41 EF 7A
RX,10:10:18.248,0x101,32,6D 40 40 28 6C 01 1A 01 00 42 00 00 00 FF 7F 51 78 FF 7F EF 7A 76 80 FF 7F 12 0A F1 F7 F0 E5 55
TX,10:10:18.264,0x300,12,40 00 40 28 1C 01 06 01 00 41 EF 7A
RX,10:10:18.278,0x101,32,6E 40 40 28 6C 01 1A 01 00 42 00 00 00 FF 7F 51 78 FF 7F EF 7A 8D 80 FF 7F 12 0A F1 F7 F0 E5 55
TX,10:10:18.295,0x300,6,40 40 40 08 04 01
TX,10:10:18.310,0x300,12,40 40 00 09 1C 01 00 01 10 42 10 20
TX,10:10:18.328,0x300,12,40 00 40 28 1C 01 06 01 00 41 EF 7A
RX,10:10:18.342,0x101,32,6F 40 40 38 6C 01 1A 01 00 42 00 00 00 FF 7F 51 78 FF 7F EF 7A A9 80 FF 7F 12 0A F1 F7 F0 E5 55
RX,10:10:18.356,0x101,16,70 40 00 39 24 01 00 01 10 42 10 20 02 00 01 20
RX,10:10:18.369,0x101,32,71 40 40 28 6C 01 1A 01 00 42 00 00 00 FF 7F 51 78 FF 7F EF 7A 87 80 FF 7F 12 0A F1 F7 F0 E5 55
TX,10:10:18.388,0x300,12,40 00 40 28 1C 01 06 01 00 41 EF 7A
RX,10:10:18.402,0x101,32,72 40 40 28 6C 01 1A 01 00 42 00 00 00 FF 7F 51 78 FF 7F EF 7A 7C 80 FF 7F 12 0A F1 F7 F0 E5 55
TX,10:10:18.420,0x300,12,40 00 40 28 1C 01 06 01 00 41 EF 7A
RX,10:10:18.433,0x101,32,73 40 40 28 6C 01 1A 01 00 42 00 00 00 FF 7F 51 78 FF 7F EF 7A 87 80 FF 7F 12 0A F1 F7 F0 E5 55
TX,10:10:18.449,0x300,12,40 00 40 28 1C 01 06 01 00 41 EF 7A
RX,10:10:18.463,0x101,32,74 40 40 28 6C 01 1A 01 00 42 00 00 00 FF 7F 51 78 FF 7F EF 7A 9E 80 FF 7F 12 0A F1 F7 F0 E5 55
TX,10:10:18.481,0x300,12,40 00 40 28 1C 01 06 01 00 41 EF 7A
RX,10:10:18.495,0x101,32,75 40 40 28 6C 01 1A 01 00 42 00 00 00 FF 7F 51 78 FF 7F EF 7A A9 80 FF 7F 12 0A F1 F7 F0 E5 55
TX,10:10:18.509,0x300,12,40 00 40 28 1C 01 06 01 00 41 EF 7A
RX,10:10:18.523,0x101,32,76 40 40 28 6C 01 1A 01 00 42 00 00 00 FF 7F 51 78 FF 7F EF 7A AF 80 FF 7F 12 09 F1 F7 EF E5 55
TX,10:10:18.542,0x300,12,40 00 40 28 1C 01 06 01 00 41 EF 7A
RX,10:10:18.557,0x101,32,77 40 40 28 6C 01 1A 01 00 42 00 00 00 FF 7F 51 78 FF 7F EF 7A 87 80 FF 7F 12 0A F1 F7 F0 E5 55
TX,10:10:18.571,0x300,12,40 00 40 28 1C 01 06 01 00 41 EF 7A
RX,10:10:18.584,0x101,32,78 40 40 28 6C 01 1A 01 00 42 00 00 00 FF 7F 51 78 FF 7F EF 7A 98 80 FF 7F 12 09 F1 F7 EF E5 55
TX,10:10:18.605,0x300,12,40 00 40 28 1C 01 06 01 00 41 EF 7A
RX,10:10:18.619,0x101,32,79 40 40 28 6C 01 1A 01 00 42 00 00 00 FF 7F 51 78 FF 7F EF 7A 9E 80 FF 7F 12 09 F1 F7 EF E5 55
TX,10:10:18.637,0x300,12,40 00 40 28 1C 01 06 01 00 41 EF 7A
RX,10:10:18.653,0x101,32,7A 40 40 28 6C 01 1A 01 00 42 00 00 00 FF 7F 51 78 FF 7F EF 7A BA 80 FF 7F 12 09 F1 F7 EF E5 55
TX,10:10:18.667,0x300,12,40 00 40 28 1C 01 06 01 00 41 EF 7A
RX,10:10:18.681,0x101,32,7B 40 40 28 6C 01 1A 01 00 42 00 00 00 FF 7F 51 78 FF 7F EF 7A 8D 80 FF 7F 12 09 F1 F7 EF E5 55
TX,10:10:18.698,0x300,12,40 00 40 28 1C 01 06 01 00 41 EF 7A
RX,10:10:18.713,0x101,32,7C 40 40 28 6C 01 1A 01 00 42 00 00 00 FF 7F 51 78 FF 7F EF 7A 9E 80 FF 7F 12 09 F1 F7 EF E5 55
TX,10:10:18.727,0x300,12,40 00 40 28 1C 01 06 01 00 41 EF 7A
RX,10:10:18.742,0x101,32,7D 40 40 28 6C 01 1A 01 00 42 00 00 00 FF 7F 51 78 FF 7F EF 7A 9E 80 FF 7F 12 09 F1 F7 EF E5 55
TX,10:10:18.759,0x300,12,40 00 40 28 1C 01 06 01 00 41 EF 7A
RX,10:10:18.775,0x101,32,7E 40 40 28 6C 01 1A 01 00 42 00 00 00 FF 7F 51 78 FF 7F EF 7A A9 80 FF 7F 12 09 F1 F7 EF E5 55
TX,10:10:18.790,0x300,6,40 40 40 08 04 01
TX,10:10:18.805,0x300,12,40 40 00 09 1C 01 00 01 10 42 10 20
TX,10:10:18.820,0x300,12,40 00 40 28 1C 01 06 01 00 41 EF 7A
RX,10:10:18.836,0x101,32,7F 40 40 38 6C 01 1A 01 00 42 00 00 00 FF 7F 51 78 FF 7F EF 7A D1 80 FF 7F 12 09 F1 F7 EF E5 55
RX,10:10:18.851,0x101,16,40 40 00 39 24 01 00 01 10 42 10 20 02 00 01 20
RX,10:10:18.866,0x101,32,41 40 40 28 6C 01 1A 01 00 42 00 00 00 FF 7F 51 78 FF 7F EF 7A 9E 80 FF 7F 12 09 F1 F7 EF E5 55
TX,10:10:18.887,0x300,12,40 00 40 28 1C 01 06 01 00 41 EF 7A
RX,10:10:18.902,0x101,32,42 40 40 28 6C 01 1A 01 00 42 00 00 00 FF 7F 51 78 FF 7F EF 7A 9E 80 FF 7F 12 09 F1 F7 EF E5 55
TX,10:10:18.921,0x300,12,40 00 40 28 1C 01 06 01 00 41 EF 7A
RX,10:10:18.936,0x101,32,43 40 40 28 6C 01 1A 01 00 42 00 00 00 FF 7F 51 78 FF 7F EF 7A A9 80 FF 7F 12 09 F1 F7 EF E5 55
TX,10:10:18.951,0x300,12,40 00 40 28 1C 01 06 01 00 41 EF 7A
RX,10:10:18.967,0x101,32,44 40 40 28 6C 01 1A 01 00 42 00 00 00 FF 7F 51 78 FF 7F EF 7A 9E 80 FF 7F 12 09 F1 F7 EF E5 55
TX,10:10:18.984,0x300,12,40 00 40 28 1C 01 06 01 00 41 EF 7A
RX,10:10:18.999,0x101,32,45 40 40 28 6C 01 1A 01 00 42 00 00 00 FF 7F 51 78 FF 7F EF 7A A9 80 FF 7F 12 09 F1 F7 EF E5 55
TX,10:10:19.014,0x300,12,40 00 40 28 1C 01 06 01 00 41 EF 7A
RX,10:10:19.028,0x101,32,46 40 40 28 6C 01 1A 01 00 42 00 00 00 FF 7F 51 78 FF 7F EF 7A C0 80 FF 7F 12 09 F1 F7 EF E5 55
TX,10:10:19.046,0x300,12,40 00 40 28 1C 01 06 01 00 41 EF 7A
RX,10:10:19.061,0x101,32,47 40 40 28 6C 01 1A 01 00 42 00 00 00 FF 7F 51 78 FF 7F EF 7A C0 80 FF 7F 12 09 F1 F7 EF E5 55
TX,10:10:19.077,0x300,12,40 00 40 28 1C 01 06 01 00 41 EF 7A
RX,10:10:19.094,0x101,32,48 40 40 28 6C 01 1A 01 00 42 00 00 00 FF 7F 51 78 FF 7F EF 7A 98 80 FF 7F 12 09 F1 F7 EF E5 55
TX,10:10:19.119,0x300,12,40 00 40 28 1C 01 06 01 00 41 EF 7A
RX,10:10:19.135,0x101,32,49 40 40 28 6C 01 1A 01 00 42 00 00 00 FF 7F 51 78 FF 7F EF 7A CB 80 FF 7F 12 09 F1 F7 EF E5 55
TX,10:10:19.154,0x300,12,40 00 40 28 1C 01 06 01 00 41 EF 7A
RX,10:10:19.170,0x101,32,4A 40 40 28 6C 01 1A 01 00 42 00 00 00 FF 7F 51 78 FF 7F EF 7A D1 80 FF 7F 12 09 F1 F7 EF E5 55
TX,10:10:19.187,0x300,12,40 00 40 28 1C 01 06 01 00 41 EF 7A
RX,10:10:19.202,0x101,32,4B 40 40 28 6C 01 1A 01 00 42 00 00 00 FF 7F 51 78 FF 7F EF 7A 9E 80 FF 7F 12 09 F1 F7 EF E5 55
TX,10:10:19.219,0x300,12,40 00 40 28 1C 01 06 01 00 41 EF 7A
RX,10:10:19.235,0x101,32,4C 40 40 28 6C 01 1A 01 00 42 00 00 00 FF 7F 51 78 FF 7F EF 7A CB 80 FF 7F 12 09 F1 F7 EF E5 55
TX,10:10:19.251,0x300,12,40 00 40 28 1C 01 06 01 00 41 EF 7A
RX,10:10:19.266,0x101,32,4D 40 40 28 6C 01 1A 01 00 42 00 00 00 FF 7F 51 78 FF 7F EF 7A D1 80 FF 7F 12 0A F1 F7 F0 E5 55
TX,10:10:19.284,0x300,6,40 40 40 08 04 01
TX,10:10:19.300,0x300,12,40 40 00 09 1C 01 00 01 10 42 10 20
TX,10:10:19.316,0x300,12,40 00 40 28 1C 01 06 01 00 41 EF 7A
RX,10:10:19.334,0x101,32,4E 40 40 38 6C 01 1A 01 00 42 00 00 00 FF 7F 51 78 FF 7F EF 7A BA 80 FF 7F 12 09 F1 F7 EF E5 55
RX,10:10:19.353,0x101,16,4F 40 00 39 24 01 00 01 10 42 10 20 02 00 01 20
RX,10:10:19.369,0x101,32,50 40 40 28 6C 01 1A 01 00 42 00 00 00 FF 7F 51 78 FF 7F EF 7A DC 80 FF 7F 12 09 F1 F7 EF E5 55
TX,10:10:19.389,0x300,12,40 00 40 28 1C 01 06 01 00 41 EF 7A
RX,10:10:19.405,0x101,32,51 40 40 28 6C 01 1A 01 00 42 00 00 00 FF 7F 51 78 FF 7F EF 7A D1 80 FF 7F 12 09 F1 F7 EF E5 55
TX,10:10:19.424,0x300,12,40 00 40 28 1C 01 06 01 00 41 EF 7A
RX,10:10:19.440,0x101,32,52 40 40 28 6C 01 1A 01 00 42 00 00 00 FF 7F 51 78 FF 7F EF 7A 9E 80 FF 7F 12 0A F1 F7 F0 E5 55
TX,10:10:19.456,0x300,12,40 00 40 28 1C 01 06 01 00 41 EF 7A
RX,10:10:19.471,0x101,32,53 40 40 28 6C 01 1A 01 00 42 00 00 00 FF 7F 51 78 FF 7F EF 7A AF 80 FF 7F 12 0A F1 F7 F0 E5 55
TX,10:10:19.495,0x300,12,40 00 40 28 1C 01 06 01 00 41 EF 7A
RX,10:10:19.511,0x101,32,54 40 40 28 6C 01 1A 01 00 42 00 00 00 FF 7F 51 78 FF 7F EF 7A 9E 80 FF 7F 12 0A F1 F7 F0 E5 55
TX,10:10:19.527,0x300,12,40 00 40 28 1C 01 06 01 00 41 EF 7A
RX,10:10:19.542,0x101,32,55 40 40 28 6C 01 1A 01 00 42 00 00 00 FF 7F 51 78 FF 7F EF 7A CB 80 FF 7F 12 0A F1 F7 F0 E5 55
TX,10:10:19.561,0x300,12,40 00 40 28 1C 01 06 01 00 41 EF 7A
RX,10:10:19.577,0x101,32,56 40 40 28 6C 01 1A 01 00 42 00 00 00 FF 7F 51 78 FF 7F EF 7A F3 80 FF 7F 12 0A F1 F7 F0 E5 55
TX,10:10:19.595,0x300,12,40 00 40 28 1C 01 06 01 00 41 EF 7A
RX,10:10:19.612,0x101,32,57 40 40 28 6C 01 1A 01 00 42 00 00 00 FF 7F 51 78 FF 7F EF 7A D1 80 FF 7F 12 0A F1 F7 F0 E5 55
TX,10:10:19.632,0x300,12,40 00 40 28 1C 01 06 01 00 41 EF 7A
RX,10:10:19.651,0x101,32,58 40 40 28 6C 01 1A 01 00 42 00 00 00 FF 7F 51 78 FF 7F EF 7A E2 80 FF 7F 12 0A F1 F7 F0 E5 55
TX,10:10:19.676,0x300,12,40 00 40 28 1C 01 06 01 00 41 EF 7A
RX,10:10:19.694,0x101,32,59 40 40 28 6C 01 1A 01 00 42 00 00 00 FF 7F 51 78 FF 7F EF 7A 9E 80 FF 7F 12 09 F1 F7 EF E5 55
TX,10:10:19.711,0x300,12,40 00 40 28 1C 01 06 01 00 41 EF 7A
RX,10:10:19.727,0x101,32,5A 40 40 28 6C 01 1A 01 00 42 00 00 00 FF 7F 51 78 FF 7F EF 7A C0 80 FF 7F 12 09 F1 F7 EF E5 55
TX,10:10:19.748,0x300,12,40 00 40 28 1C 01 06 01 00 41 EF 7A
RX,10:10:19.765,0x101,32,5B 40 40 28 6C 01 1A 01 00 42 00 00 00 FF 7F 51 78 FF 7F EF 7A AF 80 FF 7F 12 0A F1 F7 F0 E5 55
TX,10:10:19.782,0x300,6,40 40 40 08 04 01
TX,10:10:19.799,0x300,12,40 40 00 09 1C 01 00 01 10 42 10 20
TX,10:10:19.815,0x300,12,40 00 40 28 1C 01 06 01 00 41 EF 7A
RX,10:10:19.832,0x101,32,5C 40 40 38 6C 01 1A 01 00 42 00 00 00 FF 7F 51 78 FF 7F EF 7A D1 80 FF 7F 12 0A F1 F7 F0 E5 55
RX,10:10:19.849,0x101,16,5D 40 00 39 24 01 00 01 10 42 10 20 02 00 01 20
RX,10:10:19.869,0x101,32,5E 40 40 28 6C 01 1A 01 00 42 00 00 00 FF 7F 51 78 FF 7F EF 7A DC 80 FF 7F 12 0A F1 F7 F0 E5 55
TX,10:10:19.894,0x300,12,40 00 40 28 1C 01 06 01 00 41 EF 7A
RX,10:10:19.911,0x101,32,5F 40 40 28 6C 01 1A 01 00 42 00 00 00 FF 7F 51 78 FF 7F EF 7A ED 80 FF 7F 12 0A F1 F7 F0 E5 55
TX,10:10:19.932,0x300,12,40 00 40 28 1C 01 06 01 00 41 EF 7A
RX,10:10:19.949,0x101,32,60 40 40 28 6C 01 1A 01 00 42 00 00 00 FF 7F 51 78 FF 7F EF 7A 04 81 FF 7F 12 0A F1 F7 F0 E5 55
TX,10:10:19.966,0x300,12,40 00 40 28 1C 01 06 01 00 41 EF 7A
RX,10:10:19.985,0x101,32,61 40 40 28 6C 01 1A 01 00 42 00 00 00 FF 7F 51 78 FF 7F EF 7A FE 80 FF 7F 12 09 F1 F7 EF E5 55
TX,10:10:20.008,0x300,12,40 00 40 28 1C 01 06 01 00 41 EF 7A
RX,10:10:20.025,0x101,32,62 40 40 28 6C 01 1A 01 00 42 00 00 00 FF 7F 51 78 FF 7F EF 7A 04 81 FF 7F 12 09 F1 F7 EF E5 55
TX,10:10:20.044,0x300,12,40 00 40 28 1C 01 06 01 00 41 EF 7A
RX,10:10:20.061,0x101,32,63 40 40 28 6C 01 1A 01 00 42 00 00 00 FF 7F 51 78 FF 7F EF 7A 04 81 FF 7F 12 09 F1 F7 EF E5 55
TX,10:10:20.085,0x300,12,40 00 40 28 1C 01 06 01 00 41 EF 7A
RX,10:10:20.105,0x101,32,64 40 40 28 6C 01 1A 01 00 42 00 00 00 FF 7F 51 78 FF 7F EF 7A E2 80 FF 7F 12 09 F1 F7 EF E5 55
TX,10:10:20.125,0x300,12,40 00 40 28 1C 01 06 01 00 41 EF 7A
RX,10:10:20.142,0x101,32,65 40 40 28 6C 01 1A 01 00 42 00 00 00 FF 7F 51 78 FF 7F EF 7A ED 80 FF 7F 12 09 F1 F7 EF E5 55
TX,10:10:20.164,0x300,12,40 00 40 28 1C 01 06 01 00 41 EF 7A
RX,10:10:20.182,0x101,32,66 40 40 28 6C 01 1A 01 00 42 00 00 00 FF 7F 51 78 FF 7F EF 7A 04 81 FF 7F 12 09 F1 F7 EF E5 55
TX,10:10:20.201,0x300,12,40 00 40 28 1C 01 06 01 00 41 EF 7A
RX,10:10:20.219,0x101,32,67 40 40 28 6C 01 1A 01 00 42 00 00 00 FF 7F 51 78 FF 7F EF 7A FE 80 FF 7F 12 09 F1 F7 EF E5 55
TX,10:10:20.240,0x300,12,40 00 40 28 1C 01 06 01 00 41 EF 7A
RX,10:10:20.264,0x101,32,68 40 40 28 6C 01 1A 01 00 42 00 00 00 FF 7F 51 78 FF 7F EF 7A 0F 81 FF 7F 12 09 F1 F7 EF E5 55
TX,10:10:20.286,0x300,6,40 40 40 08 04 01
TX,10:10:20.304,0x300,12,40 40 00 09 1C 01 00 01 10 42 10 20
TX,10:10:20.322,0x300,12,40 00 40 28 1C 01 06 01 00 41 EF 7A
RX,10:10:20.340,0x101,32,69 40 40 38 6C 01 1A 01 00 42 00 00 00 FF 7F 51 78 FF 7F EF 7A 0F 81 FF 7F 12 09 F1 F7 EF E5 55
RX,10:10:20.358,0x101,16,6A 40 00 39 24 01 00 01 10 42 10 20 02 00 01 20
RX,10:10:20.376,0x101,32,6B 40 40 28 6C 01 1A 01 00 42 00 00 00 FF 7F 51 78 FF 7F EF 7A E2 80 FF 7F 12 09 F1 F7 EF E5 55
TX,10:10:20.399,0x300,12,40 00 40 28 1C 01 06 01 00 41 EF 7A
RX,10:10:20.418,0x101,32,6C 40 40 28 6C 01 1A 01 00 42 00 00 00 FF 7F 51 78 FF 7F EF 7A FE 80 FF 7F 12 09 F1 F7 EF E5 55
TX,10:10:20.440,0x300,12,40 00 40 28 1C 01 06 01 00 41 EF 7A
RX,10:10:20.458,0x101,32,6D 40 40 28 6C 01 1A 01 00 42 00 00 00 FF 7F 51 78 FF 7F EF 7A 20 81 FF 7F 12 09 F1 F7 EF E5 55
TX,10:10:20.479,0x300,12,40 00 40 28 1C 01 06 01 00 41 EF 7A
RX,10:10:20.496,0x101,32,6E 40 40 28 6C 01 1A 01 00 42 00 00 00 FF 7F 51 78 FF 7F EF 7A 15 81 FF 7F 12 09 F1 F7 EF E5 55
TX,10:10:20.518,0x300,12,40 00 40 28 1C 01 06 01 00 41 EF 7A
RX,10:10:20.537,0x101,32,6F 40 40 28 6C 01 1A 01 00 42 00 00 00 FF 7F 51 78 FF 7F EF 7A 04 81 FF 7F 12 09 F1 F7 EF E5 55
TX,10:10:20.555,0x300,12,40 00 40 28 1C 01 06 01 00 41 EF 7A
RX,10:10:20.575,0x101,32,70 40 40 28 6C 01 1A 01 00 42 00 00 00 FF 7F 51 78 FF 7F EF 7A 37 81 FF 7F 12 09 F1 F7 EF E5 55
TX,10:10:20.599,0x300,12,40 00 40 28 1C 01 06 01 00 41 EF 7A
RX,10:10:20.618,0x101,32,71 40 40 28 6C 01 1A 01 00 42 00 00 00 FF 7F 51 78 FF 7F EF 7A 04 81 FF 7F 12 09 F1 F7 EF E5 55
TX,10:10:20.638,0x300,12,40 00 40 28 1C 01 06 01 00 41 EF 7A
RX,10:10:20.660,0x101,32,72 40 40 28 6C 01 1A 01 00 42 00 00 00 FF 7F 51 78 FF 7F EF 7A FE 80 FF 7F 12 09 F1 F7 EF E5 55
TX,10:10:20.683,0x300,12,40 00 40 28 1C 01 06 01 00 41 EF 7A
RX,10:10:20.702,0x101,32,73 40 40 28 6C 01 1A 01 00 42 00 00 00 FF 7F 51 78 FF 7F EF 7A FE 80 FF 7F 12 09 F1 F7 EF E5 55
TX,10:10:20.721,0x300,12,40 00 40 28 1C 01 06 01 00 41 EF 7A
RX,10:10:20.739,0x101,32,74 40 40 28 6C 01 1A 01 00 42 00 00 00 FF 7F 51 78 FF 7F EF 7A 04 81 FF 7F 12 09 F1 F7 EF E5 55
TX,10:10:20.761,0x300,6,40 40 40 08 04 01
TX,10:10:20.779,0x300,12,40 40 00 09 1C 01 00 01 10 42 10 20
TX,10:10:20.798,0x300,12,40 00 40 28 1C 01 06 01 00 41 EF 7A
RX,10:10:20.817,0x101,32,75 40 40 38 6C 01 1A 01 00 42 00 00 00 FF 7F 51 78 FF 7F EF 7A 37 81 FF 7F 12 09 F1 F7 EF E5 55
RX,10:10:20.842,0x101,16,76 40 00 39 24 01 00 01 10 42 10 20 02 00 01 20
RX,10:10:20.867,0x101,32,77 40 40 28 6C 01 1A 01 00 42 00 00 00 FF 7F 51 78 FF 7F EF 7A 04 81 FF 7F 12 09 F1 F7 EF E5 55
TX,10:10:20.893,0x300,12,40 00 40 28 1C 01 06 01 00 41 EF 7A
RX,10:10:20.913,0x101,32,78 40 40 28 6C 01 1A 01 00 42 00 00 00 FF 7F 51 78 FF 7F EF 7A 37 81 FF 7F 12 09 F1 F7 EF E5 55
TX,10:10:20.941,0x300,12,40 00 40 28 1C 01 06 01 00 41 EF 7A
RX,10:10:20.962,0x101,32,79 40 40 28 6C 01 1A 01 00 42 00 00 00 FF 7F 51 78 FF 7F EF 7A FE 80 FF 7F 12 09 F1 F7 EF E5 55
TX,10:10:20.981,0x300,12,40 00 40 28 1C 01 06 01 00 41 EF 7A
RX,10:10:21.001,0x101,32,7A 40 40 28 6C 01 1A 01 00 42 00 00 00 FF 7F 51 78 FF 7F EF 7A 31 81 FF 7F 12 09 F1 F7 EF E5 55
TX,10:10:21.022,0x300,12,40 00 40 28 1C 01 06 01 00 41 EF 7A
RX,10:10:21.040,0x101,32,7B 40 40 28 6C 01 1A 01 00 42 00 00 00 FF 7F 51 78 FF 7F EF 7A 37 81 FF 7F 12 09 F1 F7 EF E5 55
TX,10:10:21.063,0x300,12,40 00 40 28 1C 01 06 01 00 41 EF 7A
RX,10:10:21.083,0x101,32,7C 40 40 28 6C 01 1A 01 00 42 00 00 00 FF 7F 51 78 FF 7F EF 7A 04 81 FF 7F 12 09 F1 F7 EF E5 55
TX,10:10:21.110,0x300,12,40 00 40 28 1C 01 06 01 00 41 EF 7A
RX,10:10:21.131,0x101,32,7D 40 40 28 6C 01 1A 01 00 42 00 00 00 FF 7F 51 78 FF 7F EF 7A 37 81 FF 7F 12 09 F1 F7 EF E5 55
TX,10:10:21.156,0x300,12,40 00 40 28 1C 01 06 01 00 41 EF 7A
RX,10:10:21.176,0x101,32,7E 40 40 28 6C 01 1A 01 00 42 00 00 00 FF 7F 51 78 FF 7F EF 7A 20 81 FF 7F 12 09 F1 F7 EF E5 55
TX,10:10:21.198,0x300,12,40 00 40 28 1C 01 06 01 00 41 EF 7A
RX,10:10:21.223,0x101,32,7F 40 40 28 6C 01 1A 01 00 42 00 00 00 FF 7F 51 78 FF 7F EF 7A 31 81 FF 7F 12 09 F1 F7 EF E5 55
TX,10:10:21.251,0x300,12,40 00 40 28 1C 01 06 01 00 41 EF 7A
RX,10:10:21.272,0x101,32,40 40 40 28 6C 01 1A 01 00 42 00 00 00 FF 7F 51 78 FF 7F EF 7A 37 81 FF 7F 12 08 F1 F7 EE E5 55
TX,10:10:21.291,0x300,6,40 40 40 08 04 01
TX,10:10:21.310,0x300,12,40 40 00 09 1C 01 00 01 10 42 10 20
TX,10:10:21.339,0x300,12,40 00 40 28 1C 01 06 01 00 41 EF 7A
RX,10:10:21.360,0x101,32,41 40 40 38 6C 01 1A 01 00 42 00 00 00 FF 7F 51 78 FF 7F EF 7A 31 81 FF 7F 12 08 F1 F7 EE E5 55
RX,10:10:21.380,0x101,16,42 40 00 39 24 01 00 01 10 42 10 20 02 00 01 20
RX,10:10:21.400,0x101,32,43 40 40 28 6C 01 1A 01 00 42 00 00 00 FF 7F 51 78 FF 7F EF 7A 31 81 FF 7F 12 08 F1 F7 EE E5 55
TX,10:10:21.426,0x300,12,40 00 40 28 1C 01 06 01 00 41 EF 7A
RX,10:10:21.446,0x101,32,44 40 40 28 6C 01 1A 01 00 42 00 00 00 FF 7F 51 78 FF 7F EF 7A 37 81 FF 7F 12 07 F1 F7 ED E5 55
TX,10:10:21.469,0x300,12,40 00 40 28 1C 01 06 01 00 41 EF 7A
RX,10:10:21.488,0x101,32,45 40 40 28 6C 01 1A 01 00 42 00 00 00 FF 7F 51 78 FF 7F EF 7A 42 81 FF 7F 12 07 F1 F7 ED E5 55
TX,10:10:21.508,0x300,12,40 00 40 28 1C 01 06 01 00 41 EF 7A
RX,10:10:21.527,0x101,32,46 40 40 28 6C 01 1A 01 00 42 00 00 00 FF 7F 51 78 FF 7F EF 7A 26 81 FF 7F 12 07 F1 F7 ED E5 55
TX,10:10:21.549,0x300,12,40 00 40 28 1C 01 06 01 00 41 EF 7A
RX,10:10:21.568,0x101,32,47 40 40 28 6C 01 1A 01 00 42 00 00 00 FF 7F 51 78 FF 7F EF 7A 53 81 FF 7F 12 07 F1 F7 ED E5 55
TX,10:10:21.587,0x300,12,40 00 40 28 1C 01 06 01 00 41 EF 7A
RX,10:10:21.607,0x101,32,48 40 40 28 6C 01 1A 01 00 42 00 00 00 FF 7F 51 78 FF 7F EF 7A 31 81 FF 7F 12 08 F1 F7 EE E5 55
TX,10:10:21.629,0x300,12,40 00 40 28 1C 01 06 01 00 41 EF 7A
RX,10:10:21.648,0x101,32,49 40 40 28 6C 01 1A 01 00 42 00 00 00 FF 7F 51 78 FF 7F EF 7A 26 81 FF 7F 12 08 F1 F7 EE E5 55
TX,10:10:21.670,0x300,12,40 00 40 28 1C 01 06 01 00 41 EF 7A
RX,10:10:21.689,0x101,32,4A 40 40 28 6C 01 1A 01 00 42 00 00 00 FF 7F 51 78 FF 7F EF 7A 37 81 FF 7F 12 07 F1 F7 ED E5 55
TX,10:10:21.708,0x300,12,40 00 40 28 1C 01 06 01 00 41 EF 7A
RX,10:10:21.730,0x101,32,4B 40 40 28 6C 01 1A 01 00 42 00 00 00 FF 7F 51 78 FF 7F EF 7A 6A 81 FF 7F 12 07 F1 F7 ED E5 55
TX,10:10:21.757,0x300,12,40 00 40 28 1C 01 06 01 00 41 EF 7A
RX,10:10:21.777,0x101,32,4C 40 40 28 6C 01 1A 01 00 42 00 00 00 FF 7F 51 78 FF 7F EF 7A 31 81 FF 7F 12 08 F1 F7 EE E5 55
TX,10:10:21.797,0x300,6,40 40 40 08 04 01
TX,10:10:21.816,0x300,12,40 40 00 09 1C 01 00 01 10 42 10 20
TX,10:10:21.837,0x300,12,40 00 40 28 1C 01 06 01 00 41 EF 7A
RX,10:10:21.857,0x101,32,4D 40 40 38 6C 01 1A 01 00 42 00 00 00 FF 7F 51 78 FF 7F EF 7A 64 81 FF 7F 12 07 F1 F7 ED E5 55
RX,10:10:21.877,0x101,16,4E 40 00 39 24 01 00 01 10 42 10 20 02 00 01 20
RX,10:10:21.898,0x101,32,4F 40 40 28 6C 01 1A 01 00 42 00 00 00 FF 7F 51 78 FF 7F EF 7A 42 81 FF 7F 12 07 F1 F7 ED E5 55
TX,10:10:21.920,0x300,12,40 00 40 28 1C 01 06 01 00 41 EF 7A
RX,10:10:21.941,0x101,32,50 40 40 28 6C 01 1A 01 00 42 00 00 00 FF 7F 51 78 FF 7F EF 7A 31 81 FF 7F 12 07 F1 F7 ED E5 55
TX,10:10:21.972,0x300,12,40 00 40 28 1C 01 06 01 00 41 EF 7A
RX,10:10:21.998,0x101,32,51 40 40 28 6C 01 1A 01 00 42 00 00 00 FF 7F 51 78 FF 7F EF 7A 64 81 FF 7F 12 07 F1 F7 ED E5 55
TX,10:10:22.022,0x300,12,40 00 40 28 1C 01 06 01 00 41 EF 7A
RX,10:10:22.042,0x101,32,52 40 40 28 6C 01 1A 01 00 42 00 00 00 FF 7F 51 78 FF 7F EF 7A 64 81 FF 7F 12 07 F1 F7 ED E5 55
TX,10:10:22.063,0x300,12,40 00 40 28 1C 01 06 01 00 41 EF 7A
RX,10:10:22.086,0x101,32,53 40 40 28 6C 01 1A 01 00 42 00 00 00 FF 7F 51 78 FF 7F EF 7A 6A 81 FF 7F 12 07 F1 F7 ED E5 55
TX,10:10:22.109,0x300,12,40 00 40 28 1C 01 06 01 00 41 EF 7A
RX,10:10:22.131,0x101,32,54 40 40 28 6C 01 1A 01 00 42 00 00 00 FF 7F 51 78 FF 7F EF 7A 64 81 FF 7F 12 07 F1 F7 ED E5 55
TX,10:10:22.158,0x300,12,40 00 40 28 1C 01 06 01 00 41 EF 7A
RX,10:10:22.179,0x101,32,55 40 40 28 6C 01 1A 01 00 42 00 00 00 FF 7F 51 78 FF 7F EF 7A 75 81 FF 7F 12 07 F1 F7 ED E5 55
TX,10:10:22.198,0x300,12,40 00 40 28 1C 01 06 01 00 41 EF 7A
RX,10:10:22.218,0x101,32,56 40 40 28 6C 01 1A 01 00 42 00 00 00 FF 7F 51 78 FF 7F EF 7A 37 81 FF 7F 12 07 F1 F7 ED E5 55
TX,10:10:22.241,0x300,12,40 00 40 28 1C 01 06 01 00 41 EF 7A
RX,10:10:22.260,0x101,32,57 40 40 28 6C 01 1A 01 00 42 00 00 00 FF 7F 51 78 FF 7F EF 7A 53 81 FF 7F 12 07 F1 F7 ED E5 55
TX,10:10:22.281,0x300,6,40 40 40 08 04 01
TX,10:10:22.307,0x300,12,40 40 00 09 1C 01 00 01 10 42 10 20
TX,10:10:22.327,0x300,12,40 00 40 28 1C 01 06 01 00 41 EF 7A
RX,10:10:22.352,0x101,32,58 40 40 38 6C 01 1A 01 00 42 00 00 00 FF 7F 51 78 FF 7F EF 7A 64 81 FF 7F 12 07 F1 F7 ED E5 55
RX,10:10:22.371,0x101,16,59 40 00 39 24 01 00 01 10 42 10 20 02 00 01 20
RX,10:10:22.391,0x101,32,5A 40 40 28 6C 01 1A 01 00 42 00 00 00 FF 7F 51 78 FF 7F EF 7A 53 81 FF 7F 12 07 F1 F7 ED E5 55
TX,10:10:22.415,0x300,12,40 00 40 28 1C 01 06 01 00 41 EF 7A
RX,10:10:22.435,0x101,32,5B 40 40 28 6C 01 1A 01 00 42 00 00 00 FF 7F 51 78 FF 7F EF 7A 86 81 FF 7F 12 07 F1 F7 ED E5 55
TX,10:10:22.457,0x300,12,40 00 40 28 1C 01 06 01 00 41 EF 7A
RX,10:10:22.478,0x101,32,5C 40 40 28 6C 01 1A 01 00 42 00 00 00 FF 7F 51 78 FF 7F EF 7A 59 81 FF 7F 12 07 F1 F7 ED E5 55
TX,10:10:22.497,0x300,12,40 00 40 28 1C 01 06 01 00 41 EF 7A
RX,10:10:22.521,0x101,32,5D 40 40 28 6C 01 1A 01 00 42 00 00 00 FF 7F 51 78 FF 7F EF 7A 9D 81 FF 7F 12 07 F1 F7 ED E5 55
TX,10:10:22.545,0x300,12,40 00 40 28 1C 01 06 01 00 41 EF 7A
RX,10:10:22.564,0x101,32,5E 40 40 28 6C 01 1A 01 00 42 00 00 00 FF 7F 51 78 FF 7F EF 7A 75 81 FF 7F 12 07 F1 F7 ED E5 55
TX,10:10:22.586,0x300,12,40 00 40 28 1C 01 06 01 00 41 EF 7A
RX,10:10:22.605,0x101,32,5F 40 40 28 6C 01 1A 01 00 42 00 00 00 FF 7F 51 78 FF 7F EF 7A 97 81 FF 7F 12 07 F1 F7 ED E5 55
TX,10:10:22.633,0x300,12,40 00 40 28 1C 01 06 01 00 41 EF 7A
RX,10:10:22.655,0x101,32,60 40 40 28 6C 01 1A 01 00 42 00 00 00 FF 7F 51 78 FF 7F EF 7A 97 81 FF 7F 12 07 F1 F7 ED E5 55
TX,10:10:22.679,0x300,12,40 00 40 28 1C 01 06 01 00 41 EF 7A
RX,10:10:22.699,0x101,32,61 40 40 28 6C 01 1A 01 00 42 00 00 00 FF 7F 51 78 FF 7F EF 7A 9D 81 FF 7F 12 07 F1 F7 ED E5 55
TX,10:10:22.720,0x300,12,40 00 40 28 1C 01 06 01 00 41 EF 7A
RX,10:10:22.739,0x101,32,62 40 40 28 6C 01 1A 01 00 42 00 00 00 FF 7F 51 78 FF 7F EF 7A 8C 81 FF 7F 12 07 F1 F7 ED E5 55
TX,10:10:22.764,0x300,6,40 40 40 08 04 01
TX,10:10:22.785,0x300,12,40 40 00 09 1C 01 00 01 10 42 10 20
TX,10:10:22.807,0x300,12,40 00 40 28 1C 01 06 01 00 41 EF 7A
RX,10:10:22.828,0x101,32,63 40 40 38 6C 01 1A 01 00 42 00 00 00 FF 7F 51 78 FF 7F EF 7A 8C 81 FF 7F 12 07 F1 F7 ED E5 55
RX,10:10:22.848,0x101,16,64 40 00 39 24 01 00 01 10 42 10 20 02 00 01 20
RX,10:10:22.869,0x101,32,65 40 40 28 6C 01 1A 01 00 42 00 00 00 FF 7F 51 78 FF 7F EF 7A 7B 81 FF 7F 12 07 F1 F7 ED E5 55
TX,10:10:22.894,0x300,12,40 00 40 28 1C 01 06 01 00 41 EF 7A
RX,10:10:22.916,0x101,32,66 40 40 28 6C 01 1A 01 00 42 00 00 00 FF 7F 51 78 FF 7F EF 7A 97 81 FF 7F 12 07 F1 F7 ED E5 55
TX,10:10:22.940,0x300,12,40 00 40 28 1C 01 06 01 00 41 EF 7A
RX,10:10:22.963,0x101,32,67 40 40 28 6C 01 1A 01 00 42 00 00 00 FF 7F 51 78 FF 7F EF 7A 6A 81 FF 7F 12 06 F1 F7 EC E5 55
TX,10:10:22.984,0x300,12,40 00 40 28 1C 01 06 01 00 41 EF 7A
RX,10:10:23.004,0x101,32,68 40 40 28 6C 01 1A 01 00 42 00 00 00 FF 7F 51 78 FF 7F EF 7A A3 81 FF 7F 12 06 F1 F7 EC E5 55
TX,10:10:23.026,0x300,12,40 00 40 28 1C 01 06 01 00 41 EF 7A
RX,10:10:23.045,0x101,32,69 40 40 28 6C 01 1A 01 00 42 00 00 00 FF 7F 51 78 FF 7F EF 7A A3 81 FF 7F 12 06 F1 F7 EC E5 55
TX,10:10:23.065,0x300,12,40 00 40 28 1C 01 06 01 00 41 EF 7A
RX,10:10:23.083,0x101,32,6A 40 40 28 6C 01 1A 01 00 42 00 00 00 FF 7F 51 78 FF 7F EF 7A 7B 81 FF 7F 12 06 F1 F7 EC E5 55
TX,10:10:23.105,0x300,12,40 00 40 28 1C 01 06 01 00 41 EF 7A
RX,10:10:23.125,0x101,32,6B 40 40 28 6C 01 1A 01 00 42 00 00 00 FF 7F 51 78 FF 7F EF 7A B4 81 FF 7F 12 05 F1 F7 EB E5 55
TX,10:10:23.146,0x300,12,40 00 40 28 1C 01 06 01 00 41 EF 7A
RX,10:10:23.164,0x101,32,6C 40 40 28 6C 01 1A 01 00 42 00 00 00 FF 7F 51 78 FF 7F EF 7A B4 81 FF 7F 12 05 F1 F7 EB E5 55
TX,10:10:23.188,0x300,12,40 00 40 28 1C 01 06 01 00 41 EF 7A
RX,10:10:23.207,0x101,32,6D 40 40 28 6C 01 1A 01 00 42 00 00 00 FF 7F 51 78 FF 7F EF 7A 9D 81 FF 7F 12 05 F1 F7 EB E5 55
TX,10:10:23.226,0x300,12,40 00 40 28 1C 01 06 01 00 41 EF 7A
RX,10:10:23.247,0x101,32,6E 40 40 28 6C 01 1A 01 00 42 00 00 00 FF 7F 51 78 FF 7F EF 7A 97 81 FF 7F 12 05 F1 F7 EB E5 55
TX,10:10:23.269,0x300,6,40 40 40 08 04 01
TX,10:10:23.289,0x300,12,40 40 00 09 1C 01 00 01 10 42 10 20
TX,10:10:23.308,0x300,12,40 00 40 28 1C 01 06 01 00 41 EF 7A
RX,10:10:23.327,0x101,32,6F 40 40 38 6C 01 1A 01 00 42 00 00 00 FF 7F 51 78 FF 7F EF 7A B9 81 FF 7F 12 05 F1 F7 EB E5 55
RX,10:10:23.347,0x101,16,70 40 00 39 24 01 00 01 10 42 10 20 02 00 01 20
RX,10:10:23.366,0x101,32,71 40 40 28 6C 01 1A 01 00 42 00 00 00 FF 7F 51 78 FF 7F EF 7A 86 81 FF 7F 12 05 F1 F7 EB E5 55
TX,10:10:23.392,0x300,12,40 00 40 28 1C 01 06 01 00 41 EF 7A
RX,10:10:23.413,0x101,32,72 40 40 28 6C 01 1A 01 00 42 00 00 00 FF 7F 51 78 FF 7F EF 7A 9D 81 FF 7F 12 05 F1 F7 EB E5 55
TX,10:10:23.438,0x300,12,40 00 40 28 1C 01 06 01 00 41 EF 7A
RX,10:10:23.458,0x101,32,73 40 40 28 6C 01 1A 01 00 42 00 00 00 FF 7F 51 78 FF 7F EF 7A CA 81 FF 7F 12 05 F1 F7 EB E5 55
TX,10:10:23.478,0x300,12,40 00 40 28 1C 01 06 01 00 41 EF 7A
RX,10:10:23.497,0x101,32,74 40 40 28 6C 01 1A 01 00 42 00 00 00 FF 7F 51 78 FF 7F EF 7A CA 81 FF 7F 12 05 F1 F7 EB E5 55
TX,10:10:23.519,0x300,12,40 00 40 28 1C 01 06 01 00 41 EF 7A
RX,10:10:23.539,0x101,32,75 40 40 28 6C 01 1A 01 00 42 00 00 00 FF 7F 51 78 FF 7F EF 7A CA 81 FF 7F 12 05 F1 F7 EB E5 55
TX,10:10:23.560,0x300,12,40 00 40 28 1C 01 06 01 00 41 EF 7A
RX,10:10:23.579,0x101,32,76 40 40 28 6C 01 1A 01 00 42 00 00 00 FF 7F 51 78 FF 7F EF 7A B9 81 FF 7F 12 06 F1 F7 EC E5 55
TX,10:10:23.600,0x300,12,40 00 40 28 1C 01 06 01 00 41 EF 7A
RX,10:10:23.621,0x101,32,77 40 40 28 6C 01 1A 01 00 42 00 00 00 FF 7F 51 78 FF 7F EF 7A B9 81 FF 7F 12 05 F1 F7 EB E5 55
TX,10:10:23.641,0x300,12,40 00 40 28 1C 01 06 01 00 41 EF 7A
RX,10:10:23.660,0x101,32,78 40 40 28 6C 01 1A 01 00 42 00 00 00 FF 7F 51 78 FF 7F EF 7A C5 81 FF 7F 12 05 F1 F7 EB E5 55
TX,10:10:23.683,0x300,12,40 00 40 28 1C 01 06 01 00 41 EF 7A
RX,10:10:23.702,0x101,32,79 40 40 28 6C 01 1A 01 00 42 00 00 00 FF 7F 51 78 FF 7F EF 7A CA 81 FF 7F 12 05 F1 F7 EB E5 55
TX,10:10:23.721,0x300,12,40 00 40 28 1C 01 06 01 00 41 EF 7A
RX,10:10:23.741,0x101,32,7A 40 40 28 6C 01 1A 01 00 42 00 00 00 FF 7F 51 78 FF 7F EF 7A FD 81 FF 7F 12 05 F1 F7 EB E5 55
TX,10:10:23.762,0x300,12,40 00 40 28 1C 01 06 01 00 41 EF 7A
RX,10:10:23.781,0x101,32,7B 40 40 28 6C 01 1A 01 00 42 00 00 00 FF 7F 51 78 FF 7F EF 7A C5 81 FF 7F 12 05 F1 F7 EB E5 55
TX,10:10:23.801,0x300,6,40 40 40 08 04 01
TX,10:10:23.821,0x300,12,40 40 00 09 1C 01 00 01 10 42 10 20
TX,10:10:23.841,0x300,12,40 00 40 28 1C 01 06 01 00 41 EF 7A
RX,10:10:23.861,0x101,32,7C 40 40 38 6C 01 1A 01 00 42 00 00 00 FF 7F 51 78 FF 7F EF 7A AE 81 FF 7F 12 05 F1 F7 EB E5 55
RX,10:10:23.880,0x101,16,7D 40 00 39 24 01 00 01 10 42 10 20 02 00 01 20
RX,10:10:23.899,0x101,32,7E 40 40 28 6C 01 1A 01 00 42 00 00 00 FF 7F 51 78 FF 7F EF 7A D6 81 FF 7F 12 05 F1 F7 EB E5 55
TX,10:10:23.922,0x300,12,40 00 40 28 1C 01 06 01 00 41 EF 7A
RX,10:10:23.942,0x101,32,7F 40 40 28 6C 01 1A 01 00 42 00 00 00 FF 7F 51 78 FF 7F EF 7A C5 81 FF 7F 12 05 F1 F7 EB E5 55
TX,10:10:23.966,0x300,12,40 00 40 28 1C 01 06 01 00 41 EF 7A
RX,10:10:23.986,0x101,32,40 40 40 28 6C 01 1A 01 00 42 00 00 00 FF 7F 51 78 FF 7F EF 7A DB 81 FF 7F 12 05 F1 F7 EB E5 55
TX,10:10:24.010,0x300,12,40 00 40 28 1C 01 06 01 00 41 EF 7A
RX,10:10:24.031,0x101,32,41 40 40 28 6C 01 1A 01 00 42 00 00 00 FF 7F 51 78 FF 7F EF 7A D6 81 FF 7F 12 05 F1 F7 EB E5 55
TX,10:10:24.058,0x300,12,40 00 40 28 1C 01 06 01 00 41 EF 7A
RX,10:10:24.080,0x101,32,42 40 40 28 6C 01 1A 01 00 42 00 00 00 FF 7F 51 78 FF 7F EF 7A CA 81 FF 7F 12 05 F1 F7 EB E5 55
TX,10:10:24.108,0x300,12,40 00 40 28 1C 01 06 01 00 41 EF 7A
RX,10:10:24.129,0x101,32,43 40 40 28 6C 01 1A 01 00 42 00 00 00 FF 7F 51 78 FF 7F EF 7A DB 81 FF 7F 12 05 F1 F7 EB E5 55
TX,10:10:24.155,0x300,12,40 00 40 28 1C 01 06 01 00 41 EF 7A
RX,10:10:24.175,0x101,32,44 40 40 28 6C 01 1A 01 00 42 00 00 00 FF 7F 51 78 FF 7F EF 7A E7 81 FF 7F 12 05 F1 F7 EB E5 55
TX,10:10:24.199,0x300,12,40 00 40 28 1C 01 06 01 00 41 EF 7A
RX,10:10:24.218,0x101,32,45 40 40 28 6C 01 1A 01 00 42 00 00 00 FF 7F 51 78 FF 7F EF 7A E7 81 FF 7F 12 04 F1 F7 EA E5 55
TX,10:10:24.253,0x300,12,40 00 40 28 1C 01 06 01 00 41 EF 7A
RX,10:10:24.274,0x101,32,46 40 40 28 6C 01 1A 01 00 42 00 00 00 FF 7F 51 78 FF 7F EF 7A EC 81 FF 7F 12 04 F1 F7 EA E5 55
TX,10:10:24.298,0x300,6,40 40 40 08 04 01
TX,10:10:24.319,0x300,12,40 40 00 09 1C 01 00 01 10 42 10 20
TX,10:10:24.340,0x300,12,40 00 40 28 1C 01 06 01 00 41 EF 7A
RX,10:10:24.361,0x101,32,47 40 40 38 6C 01 1A 01 00 42 00 00 00 FF 7F 51 78 FF 7F EF 7A B9 81 FF 7F 12 04 F1 F7 EA E5 55
RX,10:10:24.381,0x101,16,48 40 00 39 24 01 00 01 10 42 10 20 02 00 01 20
RX,10:10:24.401,0x101,32,49 40 40 28 6C 01 1A 01 00 42 00 00 00 FF 7F 51 78 FF 7F EF 7A EC 81 FF 7F 12 04 F1 F7 EA E5 55
TX,10:10:24.426,0x300,12,40 00 40 28 1C 01 06 01 00 41 EF 7A
RX,10:10:24.446,0x101,32,4A 40 40 28 6C 01 1A 01 00 42 00 00 00 FF 7F 51 78 FF 7F EF 7A EC 81 FF 7F 12 04 F1 F7 EA E5 55
TX,10:10:24.471,0x300,12,40 00 40 28 1C 01 06 01 00 41 EF 7A
RX,10:10:24.492,0x101,32,4B 40 40 28 6C 01 1A 01 00 42 00 00 00 FF 7F 51 78 FF 7F EF 7A D0 81 FF 7F 12 04 F1 F7 EA E5 55
TX,10:10:24.515,0x300,12,40 00 40 28 1C 01 06 01 00 41 EF 7A
RX,10:10:24.535,0x101,32,4C 40 40 28 6C 01 1A 01 00 42 00 00 00 FF 7F 51 78 FF 7F EF 7A FD 81 FF 7F 12 04 F1 F7 EA E5 55
TX,10:10:24.559,0x300,12,40 00 40 28 1C 01 06 01 00 41 EF 7A
RX,10:10:24.578,0x101,32,4D 40 40 28 6C 01 1A 01 00 42 00 00 00 FF 7F 51 78 FF 7F EF 7A EC 81 FF 7F 12 04 F1 F7 EA E5 55
TX,10:10:24.602,0x300,12,40 00 40 28 1C 01 06 01 00 41 EF 7A
RX,10:10:24.622,0x101,32,4E 40 40 28 6C 01 1A 01 00 42 00 00 00 FF 7F 51 78 FF 7F EF 7A F8 81 FF 7F 12 04 F1 F7 EA E5 55
TX,10:10:24.647,0x300,12,40 00 40 28 1C 01 06 01 00 41 EF 7A
RX,10:10:24.667,0x101,32,4F 40 40 28 6C 01 1A 01 00 42 00 00 00 FF 7F 51 78 FF 7F EF 7A EC 81 FF 7F 12 04 F1 F7 EA E5 55
TX,10:10:24.689,0x300,12,40 00 40 28 1C 01 06 01 00 41 EF 7A
RX,10:10:24.709,0x101,32,50 40 40 28 6C 01 1A 01 00 42 00 00 00 FF 7F 51 78 FF 7F EF 7A FD 81 FF 7F 12 04 F1 F7 EA E5 55
TX,10:10:24.736,0x300,12,40 00 40 28 1C 01 06 01 00 41 EF 7A
RX,10:10:24.756,0x101,32,51 40 40 28 6C 01 1A 01 00 42 00 00 00 FF 7F 51 78 FF 7F EF 7A 0E 82 FF 7F 12 04 F1 F7 EA E5 55
TX,10:10:24.778,0x300,6,40 40 40 08 04 01
TX,10:10:24.801,0x300,12,40 40 00 09 1C 01 00 01 10 42 10 20
TX,10:10:24.822,0x300,12,40 00 40 28 1C 01 06 01 00 41 EF 7A
RX,10:10:24.842,0x101,32,52 40 40 38 6C 01 1A 01 00 42 00 00 00 FF 7F 51 78 FF 7F EF 7A 09 82 FF 7F 12 04 F1 F7 EA E5 55
RX,10:10:24.862,0x101,16,53 40 00 39 24 01 00 01 10 42 10 20 02 00 01 20
RX,10:10:24.880,0x101,32,54 40 40 28 6C 01 1A 01 00 42 00 00 00 FF 7F 51 78 FF 7F EF 7A F8 81 FF 7F 12 04 F1 F7 EA E5 55
TX,10:10:24.904,0x300,12,40 00 40 28 1C 01 06 01 00 41 EF 7A
RX,10:10:24.924,0x101,32,55 40 40 28 6C 01 1A 01 00 42 00 00 00 FF 7F 51 78 FF 7F EF 7A DB 81 FF 7F 12 04 F1 F7 EA E5 55
TX,10:10:24.948,0x300,12,40 00 40 28 1C 01 06 01 00 41 EF 7A
RX,10:10:24.967,0x101,32,56 40 40 28 6C 01 1A 01 00 42 00 00 00 FF 7F 51 78 FF 7F EF 7A C5 81 FF 7F 12 04 F1 F7 EA E5 55
TX,10:10:24.987,0x300,12,40 00 40 28 1C 01 06 01 00 41 EF 7A
RX,10:10:25.006,0x101,32,57 40 40 28 6C 01 1A 01 00 42 00 00 00 FF 7F 51 78 FF 7F EF 7A 1A 82 FF 7F 12 03 F1 F7 E9 E5 55
TX,10:10:25.031,0x300,12,40 00 40 28 1C 01 06 01 00 41 EF 7A
RX,10:10:25.051,0x101,32,58 40 40 28 6C 01 1A 01 00 42 00 00 00 FF 7F 51 78 FF 7F EF 7A 2B 82 FF 7F 12 03 F1 F7 E9 E5 55
TX,10:10:25.073,0x300,12,40 00 40 28 1C 01 06 01 00 41 EF 7A
RX,10:10:25.093,0x101,32,59 40 40 28 6C 01 1A 01 00 42 00 00 00 FF 7F 51 78 FF 7F EF 7A 1F 82 FF 7F 12 03 F1 F7 E9 E5 55
TX,10:10:25.116,0x300,12,40 00 40 28 1C 01 06 01 00 41 EF 7A
RX,10:10:25.136,0x101,32,5A 40 40 28 6C 01 1A 01 00 42 00 00 00 FF 7F 51 78 FF 7F EF 7A 1F 82 FF 7F 12 03 F1 F7 E9 E5 55
TX,10:10:25.164,0x300,12,40 00 40 28 1C 01 06 01 00 41 EF 7A
RX,10:10:25.185,0x101,32,5B 40 40 28 6C 01 1A 01 00 42 00 00 00 FF 7F 51 78 FF 7F EF 7A 1F 82 FF 7F 12 03 F1 F7 E9 E5 55
TX,10:10:25.206,0x300,12,40 00 40 28 1C 01 06 01 00 41 EF 7A
RX,10:10:25.226,0x101,32,5C 40 40 28 6C 01 1A 01 00 42 00 00 00 FF 7F 51 78 FF 7F EF 7A 1F 82 FF 7F 12 03 F1 F7 E9 E5 55
TX,10:10:25.249,0x300,12,40 00 40 28 1C 01 06 01 00 41 EF 7A
RX,10:10:25.270,0x101,32,5D 40 40 28 6C 01 1A 01 00 42 00 00 00 FF 7F 51 78 FF 7F EF 7A 1F 82 FF 7F 12 03 F1 F7 E9 E5 55
TX,10:10:25.291,0x300,6,40 40 40 08 04 01
TX,10:10:25.312,0x300,12,40 40 00 09 1C 01 00 01 10 42 10 20
TX,10:10:25.336,0x300,12,40 00 40 28 1C 01 06 01 00 41 EF 7A
RX,10:10:25.358,0x101,32,5E 40 40 38 6C 01 1A 01 00 42 00 00 00 FF 7F 51 78 FF 7F EF 7A 30 82 FF 7F 12 03 F1 F7 E9 E5 55
RX,10:10:25.379,0x101,16,5F 40 00 39 24 01 00 01 10 42 10 20 02 00 01 20
RX,10:10:25.399,0x101,32,60 40 40 28 6C 01 1A 01 00 42 00 00 00 FF 7F 51 78 FF 7F EF 7A FD 81 FF 7F 12 03 F1 F7 E9 E5 55
TX,10:10:25.423,0x300,12,40 00 40 28 1C 01 06 01 00 41 EF 7A
RX,10:10:25.443,0x101,32,61 40 40 28 6C 01 1A 01 00 42 00 00 00 FF 7F 51 78 FF 7F EF 7A 2B 82 FF 7F 12 03 F1 F7 E9 E5 55
TX,10:10:25.467,0x300,12,40 00 40 28 1C 01 06 01 00 41 EF 7A
RX,10:10:25.489,0x101,32,62 40 40 28 6C 01 1A 01 00 42 00 00 00 FF 7F 51 78 FF 7F EF 7A 4D 82 FF 7F 12 03 F1 F7 E9 E5 55
TX,10:10:25.511,0x300,12,40 00 40 28 1C 01 06 01 00 41 EF 7A
RX,10:10:25.531,0x101,32,63 40 40 28 6C 01 1A 01 00 42 00 00 00 FF 7F 51 78 FF 7F EF 7A 30 82 FF 7F 12 03 F1 F7 E9 E5 55
TX,10:10:25.555,0x300,12,40 00 40 28 1C 01 06 01 00 41 EF 7A
RX,10:10:25.576,0x101,32,64 40 40 28 6C 01 1A 01 00 42 00 00 00 FF 7F 51 78 FF 7F EF 7A 3C 82 FF 7F 12 03 F1 F7 E9 E5 55
TX,10:10:25.597,0x300,12,40 00 40 28 1C 01 06 01 00 41 EF 7A
RX,10:10:25.617,0x101,32,65 40 40 28 6C 01 1A 01 00 42 00 00 00 FF 7F 51 78 FF 7F EF 7A 3C 82 FF 7F 12 02 F1 F7 E8 E5 55
TX,10:10:25.642,0x300,12,40 00 40 28 1C 01 06 01 00 41 EF 7A
RX,10:10:25.664,0x101,32,66 40 40 28 6C 01 1A 01 00 42 00 00 00 FF 7F 51 78 FF 7F EF 7A 3C 82 FF 7F 12 03 F1 F7 E9 E5 55
TX,10:10:25.688,0x300,12,40 00 40 28 1C 01 06 01 00 41 EF 7A
RX,10:10:25.708,0x101,32,67 40 40 28 6C 01 1A 01 00 42 00 00 00 FF 7F 51 78 FF 7F EF 7A 0E 82 FF 7F 12 03 F1 F7 E9 E5 55
TX,10:10:25.729,0x300,12,40 00 40 28 1C 01 06 01 00 41 EF 7A
RX,10:10:25.748,0x101,32,68 40 40 28 6C 01 1A 01 00 42 00 00 00 FF 7F 51 78 FF 7F EF 7A 41 82 FF 7F 12 03 F1 F7 E9 E5 55
TX,10:10:25.770,0x300,6,40 40 40 08 04 01
TX,10:10:25.790,0x300,12,40 40 00 09 1C 01 00 01 10 42 10 20
TX,10:10:25.810,0x300,12,40 00 40 28 1C 01 06 01 00 41 EF 7A
RX,10:10:25.830,0x101,32,69 40 40 38 6C 01 1A 01 00 42 00 00 00 FF 7F 51 78 FF 7F EF 7A 30 82 FF 7F 12 03 F1 F7 E9 E5 55
RX,10:10:25.851,0x101,16,6A 40 00 39 24 01 00 01 10 42 10 20 02 00 01 20
RX,10:10:25.870,0x101,32,6B 40 40 28 6C 01 1A 01 00 42 00 00 00 FF 7F 51 78 FF 7F EF 7A 30 82 FF 7F 12 03 F1 F7 E9 E5 55
TX,10:10:25.897,0x300,12,40 00 40 28 1C 01 06 01 00 41 EF 7A
RX,10:10:25.917,0x101,32,6C 40 40 28 6C 01 1A 01 00 42 00 00 00 FF 7F 51 78 FF 7F EF 7A 6F 82 FF 7F 12 03 F1 F7 E9 E5 55
TX,10:10:25.940,0x300,12,40 00 40 28 1C 01 06 01 00 41 EF 7A
RX,10:10:25.961,0x101,32,6D 40 40 28 6C 01 1A 01 00 42 00 00 00 FF 7F 51 78 FF 7F EF 7A 3C 82 FF 7F 12 03 F1 F7 E9 E5 55
TX,10:10:25.986,0x300,12,40 00 40 28 1C 01 06 01 00 41 EF 7A
RX,10:10:26.006,0x101,32,6E 40 40 28 6C 01 1A 01 00 42 00 00 00 FF 7F 51 78 FF 7F EF 7A 6F 82 FF 7F 12 02 F1 F7 E8 E5 55
TX,10:10:26.029,0x300,12,40 00 40 28 1C 01 06 01 00 41 EF 7A
RX,10:10:26.049,0x101,32,6F 40 40 28 6C 01 1A 01 00 42 00 00 00 FF 7F 51 78 FF 7F EF 7A 52 82 FF 7F 12 02 F1 F7 E8 E5 55
TX,10:10:26.073,0x300,12,40 00 40 28 1C 01 06 01 00 41 EF 7A
RX,10:10:26.094,0x101,32,70 40 40 28 6C 01 1A 01 00 42 00 00 00 FF 7F 51 78 FF 7F EF 7A 1F 82 FF 7F 12 02 F1 F7 E8 E5 55
TX,10:10:26.121,0x300,12,40 00 40 28 1C 01 06 01 00 41 EF 7A
RX,10:10:26.141,0x101,32,71 40 40 28 6C 01 1A 01 00 42 00 00 00 FF 7F 51 78 FF 7F EF 7A 5E 82 FF 7F 12 02 F1 F7 E8 E5 55
TX,10:10:26.168,0x300,12,40 00 40 28 1C 01 06 01 00 41 EF 7A
RX,10:10:26.188,0x101,32,72 40 40 28 6C 01 1A 01 00 42 00 00 00 FF 7F 51 78 FF 7F EF 7A 41 82 FF 7F 12 02 F1 F7 E8 E5 55
TX,10:10:26.210,0x300,12,40 00 40 28 1C 01 06 01 00 41 EF 7A
RX,10:10:26.230,0x101,32,73 40 40 28 6C 01 1A 01 00 42 00 00 00 FF 7F 51 78 FF 7F EF 7A 6F 82 FF 7F 12 02 F1 F7 E8 E5 55
TX,10:10:26.253,0x300,12,40 00 40 28 1C 01 06 01 00 41 EF 7A
RX,10:10:26.273,0x101,32,74 40 40 28 6C 01 1A 01 00 42 00 00 00 FF 7F 51 78 FF 7F EF 7A 6F 82 FF 7F 12 02 F1 F7 E8 E5 55
TX,10:10:26.293,0x300,6,40 40 40 08 04 01
TX,10:10:26.312,0x300,12,40 40 00 09 1C 01 00 01 10 42 10 20
TX,10:10:26.332,0x300,12,40 00 40 28 1C 01 06 01 00 41 EF 7A
RX,10:10:26.354,0x101,32,75 40 40 38 6C 01 1A 01 00 42 00 00 00 FF 7F 51 78 FF 7F EF 7A 80 82 FF 7F 12 02 F1 F7 E8 E5 55
RX,10:10:26.373,0x101,16,76 40 00 39 24 01 00 01 10 42 10 20 02 00 01 20
RX,10:10:26.393,0x101,32,77 40 40 28 6C 01 1A 01 00 42 00 00 00 FF 7F 51 78 FF 7F EF 7A 52 82 FF 7F 12 02 F1 F7 E8 E5 55
TX,10:10:26.420,0x300,12,40 00 40 28 1C 01 06 01 00 41 EF 7A
RX,10:10:26.440,0x101,32,78 40 40 28 6C 01 1A 01 00 42 00 00 00 FF 7F 51 78 FF 7F EF 7A 6F 82 FF 7F 12 01 F1 F7 E7 E5 55
TX,10:10:26.465,0x300,12,40 00 40 28 1C 01 06 01 00 41 EF 7A
RX,10:10:26.486,0x101,32,79 40 40 28 6C 01 1A 01 00 42 00 00 00 FF 7F 51 78 FF 7F EF 7A 5E 82 FF 7F 12 01 F1 F7 E7 E5 55
TX,10:10:26.508,0x300,12,40 00 40 28 1C 01 06 01 00 41 EF 7A
RX,10:10:26.527,0x101,32,7A 40 40 28 6C 01 1A 01 00 42 00 00 00 FF 7F 51 78 FF 7F EF 7A 52 82 FF 7F 12 01 F1 F7 E7 E5 55
TX,10:10:26.550,0x300,12,40 00 40 28 1C 01 06 01 00 41 EF 7A
RX,10:10:26.569,0x101,32,7B 40 40 28 6C 01 1A 01 00 42 00 00 00 FF 7F 51 78 FF 7F EF 7A 5E 82 FF 7F 12 01 F1 F7 E7 E5 55
TX,10:10:26.591,0x300,12,40 00 40 28 1C 01 06 01 00 41 EF 7A
RX,10:10:26.612,0x101,32,7C 40 40 28 6C 01 1A 01 00 42 00 00 00 FF 7F 51 78 FF 7F EF 7A 75 82 FF 7F 12 01 F1 F7 E7 E5 55
TX,10:10:26.635,0x300,12,40 00 40 28 1C 01 06 01 00 41 EF 7A
RX,10:10:26.655,0x101,32,7D 40 40 28 6C 01 1A 01 00 42 00 00 00 FF 7F 51 78 FF 7F EF 7A 75 82 FF 7F 12 01 F1 F7 E7 E5 55
TX,10:10:26.676,0x300,12,40 00 40 28 1C 01 06 01 00 41 EF 7A
RX,10:10:26.697,0x101,32,7E 40 40 28 6C 01 1A 01 00 42 00 00 00 FF 7F 51 78 FF 7F EF 7A 80 82 FF 7F 12 00 F1 F7 E6 E5 55
TX,10:10:26.717,0x300,12,40 00 40 28 1C 01 06 01 00 41 EF 7A
RX,10:10:26.737,0x101,32,7F 40 40 28 6C 01 1A 01 00 42 00 00 00 FF 7F 51 78 FF 7F EF 7A 91 82 FF 7F 12 00 F1 F7 E6 E5 55
TX,10:10:26.761,0x300,12,40 00 40 28 1C 01 06 01 00 41 EF 7A
RX,10:10:26.781,0x101,32,40 40 40 28 6C 01 1A 01 00 42 00 00 00 FF 7F 51 78 FF 7F EF 7A 6F 82 FF 7F 12 00 F1 F7 E6 E5 55
TX,10:10:26.802,0x300,6,40 40 40 08 04 01
TX,10:10:26.821,0x300,12,40 40 00 09 1C 01 00 01 10 42 10 20
TX,10:10:26.840,0x300,12,40 00 40 28 1C 01 06 01 00 41 EF 7A
RX,10:10:26.860,0x101,32,41 40 40 38 6C 01 1A 01 00 42 00 00 00 FF 7F 51 78 FF 7F EF 7A 80 82 FF 7F 12 00 F1 F7 E6 E5 55
RX,10:10:26.879,0x101,16,42 40 00 39 24 01 00 01 10 42 10 20 02 00 01 20
RX,10:10:26.899,0x101,32,43 40 40 28 6C 01 1A 01 00 42 00 00 00 FF 7F 51 78 FF 7F EF 7A 6F 82 FF 7F 12 00 F1 F7 E6 E5 55
TX,10:10:26.924,0x300,12,40 00 40 28 1C 01 06 01 00 41 EF 7A
RX,10:10:26.944,0x101,32,44 40 40 28 6C 01 1A 01 00 42 00 00 00 FF 7F 51 78 FF 7F EF 7A 86 82 FF 7F 12 00 F1 F7 E6 E5 55
TX,10:10:26.971,0x300,12,40 00 40 28 1C 01 06 01 00 41 EF 7A
RX,10:10:26.993,0x101,32,45 40 40 28 6C 01 1A 01 00 42 00 00 00 FF 7F 51 78 FF 7F EF 7A 86 82 FF 7F 12 FF F0 F7 E5 E5 55
TX,10:10:27.014,0x300,12,40 00 40 28 1C 01 06 01 00 41 EF 7A
RX,10:10:27.034,0x101,32,46 40 40 28 6C 01 1A 01 00 42 00 00 00 FF 7F 51 78 FF 7F EF 7A 9C 82 FF 7F 12 FF F0 F7 E5 E5 55
TX,10:10:27.058,0x300,12,40 00 40 28 1C 01 06 01 00 41 EF 7A
RX,10:10:27.079,0x101,32,47 40 40 28 6C 01 1A 01 00 42 00 00 00 FF 7F 51 78 FF 7F EF 7A A2 82 FF 7F 12 FF F0 F7 E5 E5 55
TX,10:10:27.102,0x300,12,40 00 40 28 1C 01 06 01 00 41 EF 7A
RX,10:10:27.121,0x101,32,48 40 40 28 6C 01 1A 01 00 42 00 00 00 FF 7F 51 78 FF 7F EF 7A 75 82 FF 7F 12 FF F0 F7 E5 E5 55
TX,10:10:27.144,0x300,12,40 00 40 28 1C 01 06 01 00 41 EF 7A
RX,10:10:27.164,0x101,32,49 40 40 28 6C 01 1A 01 00 42 00 00 00 FF 7F 51 78 FF 7F EF 7A 9C 82 FF 7F 12 FF F0 F7 E5 E5 55
TX,10:10:27.184,0x300,12,40 00 40 28 1C 01 06 01 00 41 EF 7A
RX,10:10:27.202,0x101,32,4A 40 40 28 6C 01 1A 01 00 42 00 00 00 FF 7F 51 78 FF 7F EF 7A B9 82 FF 7F 12 FF F0 F7 E5 E5 55
TX,10:10:27.228,0x300,12,40 00 40 28 1C 01 06 01 00 41 EF 7A
RX,10:10:27.247,0x101,32,4B 40 40 28 6C 01 1A 01 00 42 00 00 00 FF 7F 51 78 FF 7F EF 7A A2 82 FF 7F 12 FF F0 F7 E5 E5 55
TX,10:10:27.276,0x300,6,40 40 40 08 04 01
TX,10:10:27.295,0x300,12,40 40 00 09 1C 01 00 01 10 42 10 20
TX,10:10:27.315,0x300,12,40 00 40 28 1C 01 06 01 00 41 EF 7A
RX,10:10:27.335,0x101,32,4C 40 40 38 6C 01 1A 01 00 42 00 00 00 FF 7F 51 78 FF 7F EF 7A 86 82 FF 7F 12 FF F0 F7 E5 E5 55
RX,10:10:27.354,0x101,16,4D 40 00 39 24 01 00 01 10 42 10 20 02 00 01 20
RX,10:10:27.375,0x101,32,4E 40 40 28 6C 01 1A 01 00 42 00 00 00 FF 7F 51 78 FF 7F EF 7A C4 82 FF 7F 12 FF F0 F7 E5 E5 55
TX,10:10:27.401,0x300,12,40 00 40 28 1C 01 06 01 00 41 EF 7A
RX,10:10:27.421,0x101,32,4F 40 40 28 6C 01 1A 01 00 42 00 00 00 FF 7F 51 78 FF 7F EF 7A A2 82 FF 7F 12 FE F0 F7 E4 E5 55
TX,10:10:27.452,0x300,12,40 00 40 28 1C 01 06 01 00 41 EF 7A
RX,10:10:27.472,0x101,32,50 40 40 28 6C 01 1A 01 00 42 00 00 00 FF 7F 51 78 FF 7F EF 7A B9 82 FF 7F 12 FF F0 F7 E5 E5 55
TX,10:10:27.498,0x300,12,40 00 40 28 1C 01 06 01 00 41 EF 7A
RX,10:10:27.524,0x101,32,51 40 40 28 6C 01 1A 01 00 42 00 00 00 FF 7F 51 78 FF 7F EF 7A B9 82 FF 7F 12 FF F0 F7 E5 E5 55
TX,10:10:27.550,0x300,12,40 00 40 28 1C 01 06 01 00 41 EF 7A
RX,10:10:27.570,0x101,32,52 40 40 28 6C 01 1A 01 00 42 00 00 00 FF 7F 51 78 FF 7F EF 7A A2 82 FF 7F 12 FE F0 F7 E4 E5 55
TX,10:10:27.594,0x300,12,40 00 40 28 1C 01 06 01 00 41 EF 7A
RX,10:10:27.615,0x101,32,53 40 40 28 6C 01 1A 01 00 42 00 00 00 FF 7F 51 78 FF 7F EF 7A B9 82 FF 7F 12 FE F0 F7 E4 E5 55
TX,10:10:27.640,0x300,12,40 00 40 28 1C 01 06 01 00 41 EF 7A
RX,10:10:27.665,0x101,32,54 40 40 28 6C 01 1A 01 00 42 00 00 00 FF 7F 51 78 FF 7F EF 7A B9 82 FF 7F 12 FE F0 F7 E4 E5 55
TX,10:10:27.698,0x300,12,40 00 40 28 1C 01 06 01 00 41 EF 7A
RX,10:10:27.718,0x101,32,55 40 40 28 6C 01 1A 01 00 42 00 00 00 FF 7F 51 78 FF 7F EF 7A B3 82 FF 7F 12 FE F0 F7 E4 E5 55
TX,10:10:27.747,0x300,12,40 00 40 28 1C 01 06 01 00 41 EF 7A
RX,10:10:27.775,0x101,32,56 40 40 28 6C 01 1A 01 00 42 00 00 00 FF 7F 51 78 FF 7F EF 7A 86 82 FF 7F 12 FE F0 F7 E4 E5 55
TX,10:10:27.810,0x300,6,40 40 40 08 04 01
TX,10:10:27.834,0x300,12,40 40 00 09 1C 01 00 01 10 42 10 20
TX,10:10:27.854,0x300,12,40 00 40 28 1C 01 06 01 00 41 EF 7A
RX,10:10:27.876,0x101,32,57 40 40 38 6C 01 1A 01 00 42 00 00 00 FF 7F 51 78 FF 7F EF 7A A2 82 FF 7F 12 FD F0 F7 E3 E5 55
RX,10:10:27.896,0x101,16,58 40 00 39 24 01 00 01 10 42 10 20 02 00 01 20
RX,10:10:27.916,0x101,32,59 40 40 28 6C 01 1A 01 00 42 00 00 00 FF 7F 51 78 FF 7F EF 7A B9 82 FF 7F 12 FD F0 F7 E3 E5 55
TX,10:10:27.940,0x300,12,40 00 40 28 1C 01 06 01 00 41 EF 7A
RX,10:10:27.964,0x101,32,5A 40 40 28 6C 01 1A 01 00 42 00 00 00 FF 7F 51 78 FF 7F EF 7A A2 82 FF 7F 12 FD F0 F7 E3 E5 55
TX,10:10:27.994,0x300,12,40 00 40 28 1C 01 06 01 00 41 EF 7A
RX,10:10:28.015,0x101,32,5B 40 40 28 6C 01 1A 01 00 42 00 00 00 FF 7F 51 78 FF 7F EF 7A C4 82 FF 7F 12 FD F0 F7 E3 E5 55
TX,10:10:28.035,0x300,12,40 00 40 28 1C 01 06 01 00 41 EF 7A
RX,10:10:28.054,0x101,32,5C 40 40 28 6C 01 1A 01 00 42 00 00 00 FF 7F 51 78 FF 7F EF 7A B9 82 FF 7F 12 FD F0 F7 E3 E5 55
TX,10:10:28.077,0x300,12,40 00 40 28 1C 01 06 01 00 41 EF 7A
RX,10:10:28.096,0x101,32,5D 40 40 28 6C 01 1A 01 00 42 00 00 00 FF 7F 51 78 FF 7F EF 7A B9 82 FF 7F 12 FD F0 F7 E3 E5 55
TX,10:10:28.121,0x300,12,40 00 40 28 1C 01 06 01 00 41 EF 7A
RX,10:10:28.144,0x101,32,5E 40 40 28 6C 01 1A 01 00 42 00 00 00 FF 7F 51 78 FF 7F EF 7A B3 82 FF 7F 12 FD F0 F7 E3 E5 55
TX,10:10:28.173,0x300,12,40 00 40 28 1C 01 06 01 00 41 EF 7A
RX,10:10:28.199,0x101,32,5F 40 40 28 6C 01 1A 01 00 42 00 00 00 FF 7F 51 78 FF 7F EF 7A B9 82 FF 7F 12 FD F0 F7 E3 E5 55
TX,10:10:28.226,0x300,12,40 00 40 28 1C 01 06 01 00 41 EF 7A
RX,10:10:28.247,0x101,32,60 40 40 28 6C 01 1A 01 00 42 00 00 00 FF 7F 51 78 FF 7F EF 7A EC 82 FF 7F 12 FD F0 F7 E3 E5 55
TX,10:10:28.271,0x300,6,40 40 40 08 04 01
TX,10:10:28.290,0x300,12,40 40 00 09 1C 01 00 01 10 42 10 20
TX,10:10:28.312,0x300,12,40 00 40 28 1C 01 06 01 00 41 EF 7A
RX,10:10:28.334,0x101,32,61 40 40 38 6C 01 1A 01 00 42 00 00 00 FF 7F 51 78 FF 7F EF 7A B9 82 FF 7F 12 FD F0 F7 E3 E5 55
RX,10:10:28.356,0x101,16,62 40 00 39 24 01 00 01 10 42 10 20 02 00 01 20
RX,10:10:28.378,0x101,32,63 40 40 28 6C 01 1A 01 00 42 00 00 00 FF 7F 51 78 FF 7F EF 7A EC 82 FF 7F 12 FD F0 F7 E3 E5 55
TX,10:10:28.404,0x300,12,40 00 40 28 1C 01 06 01 00 41 EF 7A
RX,10:10:28.424,0x101,32,64 40 40 28 6C 01 1A 01 00 42 00 00 00 FF 7F 51 78 FF 7F EF 7A CA 82 FF 7F 12 FD F0 F7 E3 E5 55
TX,10:10:28.452,0x300,12,40 00 40 28 1C 01 06 01 00 41 EF 7A
RX,10:10:28.472,0x101,32,65 40 40 28 6C 01 1A 01 00 42 00 00 00 FF 7F 51 78 FF 7F EF 7A D5 82 FF 7F 12 FD F0 F7 E3 E5 55
TX,10:10:28.492,0x300,12,40 00 40 28 1C 01 06 01 00 41 EF 7A
RX,10:10:28.513,0x101,32,66 40 40 28 6C 01 1A 01 00 42 00 00 00 FF 7F 51 78 FF 7F EF 7A F7 82 FF 7F 12 FD F0 F7 E3 E5 55
TX,10:10:28.539,0x300,12,40 00 40 28 1C 01 06 01 00 41 EF 7A
RX,10:10:28.558,0x101,32,67 40 40 28 6C 01 1A 01 00 42 00 00 00 FF 7F 51 78 FF 7F EF 7A E6 82 FF 7F 12 FD F0 F7 E3 E5 55
TX,10:10:28.577,0x300,12,40 00 40 28 1C 01 06 01 00 41 EF 7A
RX,10:10:28.597,0x101,32,68 40 40 28 6C 01 1A 01 00 42 00 00 00 FF 7F 51 78 FF 7F EF 7A EC 82 FF 7F 12 FC F0 F7 E2 E5 55
TX,10:10:28.623,0x300,12,40 00 40 28 1C 01 06 01 00 41 EF 7A
RX,10:10:28.644,0x101,32,69 40 40 28 6C 01 1A 01 00 42 00 00 00 FF 7F 51 78 FF 7F EF 7A E6 82 FF 7F 12 FC F0 F7 E2 E5 55
TX,10:10:28.671,0x300,12,40 00 40 28 1C 01 06 01 00 41 EF 7A
RX,10:10:28.691,0x101,32,6A 40 40 28 6C 01 1A 01 00 42 00 00 00 FF 7F 51 78 FF 7F EF 7A EC 82 FF 7F 12 FC F0 F7 E2 E5 55
TX,10:10:28.712,0x300,12,40 00 40 28 1C 01 06 01 00 41 EF 7A
RX,10:10:28.730,0x101,32,6B 40 40 28 6C 01 1A 01 00 42 00 00 00 FF 7F 51 78 FF 7F EF 7A F7 82 FF 7F 12 FC F0 F7 E2 E5 55
TX,10:10:28.752,0x300,12,40 00 40 28 1C 01 06 01 00 41 EF 7A
RX,10:10:28.771,0x101,32,6C 40 40 28 6C 01 1A 01 00 42 00 00 00 FF 7F 51 78 FF 7F EF 7A EC 82 FF 7F 12 FC F0 F7 E2 E5 55
TX,10:10:28.791,0x300,6,40 40 40 08 04 01
TX,10:10:28.810,0x300,12,40 40 00 09 1C 01 00 01 10 42 10 20
TX,10:10:28.832,0x300,12,40 00 40 28 1C 01 06 01 00 41 EF 7A
RX,10:10:28.855,0x101,32,6D 40 40 38 6C 01 1A 01 00 42 00 00 00 FF 7F 51 78 FF 7F EF 7A EC 82 FF 7F 12 FC F0 F7 E2 E5 55
RX,10:10:28.877,0x101,16,6E 40 00 39 24 01 00 01 10 42 10 20 02 00 01 20
RX,10:10:28.898,0x101,32,6F 40 40 28 6C 01 1A 01 00 42 00 00 00 FF 7F 51 78 FF 7F EF 7A F7 82 FF 7F 12 FC F0 F7 E2 E5 55
TX,10:10:28.923,0x300,12,40 00 40 28 1C 01 06 01 00 41 EF 7A
RX,10:10:28.943,0x101,32,70 40 40 28 6C 01 1A 01 00 42 00 00 00 FF 7F 51 78 FF 7F EF 7A EC 82 FF 7F 12 FC F0 F7 E2 E5 55
TX,10:10:28.965,0x300,12,40 00 40 28 1C 01 06 01 00 41 EF 7A
RX,10:10:28.984,0x101,32,71 40 40 28 6C 01 1A 01 00 42 00 00 00 FF 7F 51 78 FF 7F EF 7A EC 82 FF 7F 12 FC F0 F7 E2 E5 55
TX,10:10:29.008,0x300,12,40 00 40 28 1C 01 06 01 00 41 EF 7A
RX,10:10:29.028,0x101,32,72 40 40 28 6C 01 1A 01 00 42 00 00 00 FF 7F 51 78 FF 7F EF 7A 08 83 FF 7F 12 FB F0 F7 E1 E5 55
TX,10:10:29.055,0x300,12,40 00 40 28 1C 01 06 01 00 41 EF 7A
RX,10:10:29.074,0x101,32,73 40 40 28 6C 01 1A 01 00 42 00 00 00 FF 7F 51 78 FF 7F EF 7A EC 82 FF 7F 12 FB F0 F7 E1 E5 55
TX,10:10:29.096,0x300,12,40 00 40 28 1C 01 06 01 00 41 EF 7A
RX,10:10:29.117,0x101,32,74 40 40 28 6C 01 1A 01 00 42 00 00 00 FF 7F 51 78 FF 7F EF 7A EC 82 FF 7F 12 FB F0 F7 E1 E5 55
TX,10:10:29.144,0x300,12,40 00 40 28 1C 01 06 01 00 41 EF 7A
RX,10:10:29.167,0x101,32,75 40 40 28 6C 01 1A 01 00 42 00 00 00 FF 7F 51 78 FF 7F EF 7A 08 83 FF 7F 12 FB F0 F7 E1 E5 55
TX,10:10:29.206,0x300,12,40 00 40 28 1C 01 06 01 00 41 EF 7A
RX,10:10:29.231,0x101,32,76 40 40 28 6C 01 1A 01 00 42 00 00 00 FF 7F 51 78 FF 7F EF 7A 02 83 FF 7F 12 FB F0 F7 E1 E5 55
TX,10:10:29.260,0x300,6,40 40 40 08 04 01
TX,10:10:29.281,0x300,12,40 40 00 09 1C 01 00 01 10 42 10 20
TX,10:10:29.305,0x300,12,40 00 40 28 1C 01 06 01 00 41 EF 7A
RX,10:10:29.327,0x101,32,77 40 40 38 6C 01 1A 01 00 42 00 00 00 FF 7F 51 78 FF 7F EF 7A 13 83 FF 7F 12 FA F0 F7 E0 E5 55
RX,10:10:29.351,0x101,16,78 40 00 39 24 01 00 01 10 42 10 20 02 00 01 20
RX,10:10:29.373,0x101,32,79 40 40 28 6C 01 1A 01 00 42 00 00 00 FF 7F 51 78 FF 7F EF 7A EC 82 FF 7F 12 FA F0 F7 E0 E5 55
TX,10:10:29.401,0x300,12,40 00 40 28 1C 01 06 01 00 41 EF 7A
RX,10:10:29.422,0x101,32,7A 40 40 28 6C 01 1A 01 00 42 00 00 00 FF 7F 51 78 FF 7F EF 7A 24 83 FF 7F 12 F9 F0 F7 DF E5 55
TX,10:10:29.454,0x300,12,40 00 40 28 1C 01 06 01 00 41 EF 7A
RX,10:10:29.475,0x101,32,7B 40 40 28 6C 01 1A 01 00 42 00 00 00 FF 7F 51 78 FF 7F EF 7A 2A 83 FF 7F 12 F8 F0 F7 DE E5 55
TX,10:10:29.496,0x300,12,40 00 40 28 1C 01 06 01 00 41 EF 7A
RX,10:10:29.515,0x101,32,7C 40 40 28 6C 01 1A 01 00 42 00 00 00 FF 7F 51 78 FF 7F EF 7A 19 83 FF 7F 12 F8 F0 F7 DE E5 55
TX,10:10:29.539,0x300,12,40 00 40 28 1C 01 06 01 00 41 EF 7A
RX,10:10:29.559,0x101,32,7D 40 40 28 6C 01 1A 01 00 42 00 00 00 FF 7F 51 78 FF 7F EF 7A 24 83 FF 7F 12 F8 F0 F7 DE E5 55
TX,10:10:29.578,0x300,12,40 00 40 28 1C 01 06 01 00 41 EF 7A
RX,10:10:29.597,0x101,32,7E 40 40 28 6C 01 1A 01 00 42 00 00 00 FF 7F 51 78 FF 7F EF 7A 3B 83 FF 7F 12 F8 F0 F7 DE E5 55
TX,10:10:29.621,0x300,12,40 00 40 28 1C 01 06 01 00 41 EF 7A
RX,10:10:29.657,0x101,32,7F 40 40 28 6C 01 1A 01 00 42 00 00 00 FF 7F 51 78 FF 7F EF 7A 52 83 FF 7F 12 F8 F0 F7 DE E5 55
TX,10:10:29.710,0x300,12,40 00 40 28 1C 01 06 01 00 41 EF 7A
RX,10:10:29.747,0x101,32,40 40 40 28 6C 01 1A 01 00 42 00 00 00 FF 7F 51 78 FF 7F EF 7A 3B 83 FF 7F 12 F7 F0 F7 DD E5 55
TX,10:10:29.772,0x300,6,40 40 40 08 04 01
TX,10:10:29.791,0x300,12,40 40 00 09 1C 01 00 01 10 42 10 20
TX,10:10:29.812,0x300,12,40 00 40 28 1C 01 06 01 00 41 EF 7A
RX,10:10:29.835,0x101,32,41 40 40 38 6C 01 1A 01 00 42 00 00 00 FF 7F 51 78 FF 7F EF 7A 19 83 FF 7F 12 F7 F0 F7 DD E5 55
RX,10:10:29.858,0x101,16,42 40 00 39 24 01 00 01 10 42 10 20 02 00 01 20
RX,10:10:29.881,0x101,32,43 40 40 28 6C 01 1A 01 00 42 00 00 00 FF 7F 51 78 FF 7F EF 7A 57 83 FF 7F 12 F6 F0 F7 DC E5 55
TX,10:10:29.910,0x300,12,40 00 40 28 1C 01 06 01 00 41 EF 7A
RX,10:10:29.930,0x101,32,44 40 40 28 6C 01 1A 01 00 42 00 00 00 FF 7F 51 78 FF 7F EF 7A 57 83 FF 7F 12 F6 F0 F7 DC E5 55
TX,10:10:29.958,0x300,12,40 00 40 28 1C 01 06 01 00 41 EF 7A
RX,10:10:29.985,0x101,32,45 40 40 28 6C 01 1A 01 00 42 00 00 00 FF 7F 51 78 FF 7F EF 7A 4C 83 FF 7F 12 F5 F0 F7 DB E5 55
TX,10:10:30.016,0x300,12,40 00 40 28 1C 01 06 01 00 41 EF 7A
RX,10:10:30.036,0x101,32,46 40 40 28 6C 01 1A 01 00 42 00 00 00 FF 7F 51 78 FF 7F EF 7A 3B 83 FF 7F 12 F4 F0 F7 DA E5 55
TX,10:10:30.059,0x300,12,40 00 40 28 1C 01 06 01 00 41 EF 7A
RX,10:10:30.082,0x101,32,47 40 40 28 6C 01 1A 01 00 42 00 00 00 FF 7F 51 78 FF 7F EF 7A 24 83 FF 7F 12 F4 F0 F7 DA E5 55
TX,10:10:30.110,0x300,12,40 00 40 28 1C 01 06 01 00 41 EF 7A
RX,10:10:30.130,0x101,32,48 40 40 28 6C 01 1A 01 00 42 00 00 00 FF 7F 51 78 FF 7F EF 7A 57 83 FF 7F 12 F4 F0 F7 DA E5 55
TX,10:10:30.154,0x300,12,40 00 40 28 1C 01 06 01 00 41 EF 7A
RX,10:10:30.178,0x101,32,49 40 40 28 6C 01 1A 01 00 42 00 00 00 FF 7F 51 78 FF 7F EF 7A 57 83 FF 7F 12 F4 F0 F7 DA E5 55
TX,10:10:30.204,0x300,12,40 00 40 28 1C 01 06 01 00 41 EF 7A
RX,10:10:30.225,0x101,32,4A 40 40 28 6C 01 1A 01 00 42 00 00 00 FF 7F 51 78 FF 7F EF 7A 57 83 FF 7F 12 F4 F0 F7 DA E5 55
TX,10:10:30.248,0x300,12,40 00 40 28 1C 01 06 01 00 41 EF 7A
RX,10:10:30.271,0x101,32,4B 40 40 28 6C 01 1A 01 00 42 00 00 00 FF 7F 51 78 FF 7F EF 7A 4C 83 FF 7F 12 F3 F0 F7 D9 E5 55
TX,10:10:30.299,0x300,6,40 40 40 08 04 01
TX,10:10:30.319,0x300,12,40 40 00 09 1C 01 00 01 10 42 10 20
TX,10:10:30.339,0x300,12,40 00 40 28 1C 01 06 01 00 41 EF 7A
RX,10:10:30.359,0x101,32,4C 40 40 38 6C 01 1A 01 00 42 00 00 00 FF 7F 51 78 FF 7F EF 7A 63 83 FF 7F 12 F3 F0 F7 D9 E5 55
RX,10:10:30.378,0x101,16,4D 40 00 39 24 01 00 01 10 42 10 20 02 00 01 20
RX,10:10:30.398,0x101,32,4E 40 40 28 6C 01 1A 01 00 42 00 00 00 FF 7F 51 78 FF 7F EF 7A 63 83 FF 7F 12 F3 F0 F7 D9 E5 55
TX,10:10:30.422,0x300,12,40 00 40 28 1C 01 06 01 00 41 EF 7A
RX,10:10:30.442,0x101,32,4F 40 40 28 6C 01 1A 01 00 42 00 00 00 FF 7F 51 78 FF 7F EF 7A 68 83 FF 7F 12 F2 F0 F7 D8 E5 55
TX,10:10:30.467,0x300,12,40 00 40 28 1C 01 06 01 00 41 EF 7A
RX,10:10:30.487,0x101,32,50 40 40 28 6C 01 1A 01 00 42 00 00 00 FF 7F 51 78 FF 7F EF 7A 79 83 FF 7F 12 F2 F0 F7 D8 E5 55
TX,10:10:30.507,0x300,12,40 00 40 28 1C 01 06 01 00 41 EF 7A
RX,10:10:30.529,0x101,32,51 40 40 28 6C 01 1A 01 00 42 00 00 00 FF 7F 51 78 FF 7F EF 7A 8A 83 FF 7F 12 F2 F0 F7 D8 E5 55
TX,10:10:30.555,0x300,12,40 00 40 28 1C 01 06 01 00 41 EF 7A
RX,10:10:30.577,0x101,32,52 40 40 28 6C 01 1A 01 00 42 00 00 00 FF 7F 51 78 FF 7F EF 7A 4C 83 FF 7F 12 F1 F0 F7 D7 E5 55
TX,10:10:30.602,0x300,12,40 00 40 28 1C 01 06 01 00 41 EF 7A
RX,10:10:30.621,0x101,32,53 40 40 28 6C 01 1A 01 00 42 00 00 00 FF 7F 51 78 FF 7F EF 7A 96 83 FF 7F 12 F1 F0 F7 D7 E5 55
TX,10:10:30.645,0x300,12,40 00 40 28 1C 01 06 01 00 41 EF 7A
RX,10:10:30.664,0x101,32,54 40 40 28 6C 01 1A 01 00 42 00 00 00 FF 7F 51 78 FF 7F EF 7A 57 83 FF 7F 12 F1 F0 F7 D7 E5 55
TX,10:10:30.684,0x300,12,40 00 40 28 1C 01 06 01 00 41 EF 7A
RX,10:10:30.702,0x101,32,55 40 40 28 6C 01 1A 01 00 42 00 00 00 FF 7F 51 78 FF 7F EF 7A BD 83 FF 7F 12 F1 F0 F7 D7 E5 55
TX,10:10:30.725,0x300,12,40 00 40 28 1C 01 06 01 00 41 EF 7A
RX,10:10:30.745,0x101,32,56 40 40 28 6C 01 1A 01 00 42 00 00 00 FF 7F 51 78 FF 7F EF 7A 8A 83 FF 7F 12 F1 F0 F7 D7 E5 55
TX,10:10:30.770,0x300,6,40 40 40 08 04 01
TX,10:10:30.790,0x300,12,40 40 00 09 1C 01 00 01 10 42 10 20
TX,10:10:30.809,0x300,12,40 00 40 28 1C 01 06 01 00 41 EF 7A
RX,10:10:30.827,0x101,32,57 40 40 38 6C 01 1A 01 00 42 00 00 00 FF 7F 51 78 FF 7F EF 7A 96 83 FF 7F 12 F1 F0 F7 D7 E5 55
RX,10:10:30.847,0x101,16,58 40 00 39 24 01 00 01 10 42 10 20 02 00 01 20
RX,10:10:30.866,0x101,32,59 40 40 28 6C 01 1A 01 00 42 00 00 00 FF 7F 51 78 FF 7F EF 7A 68 83 FF 7F 12 F1 F0 F7 D7 E5 55
TX,10:10:30.890,0x300,12,40 00 40 28 1C 01 06 01 00 41 EF 7A
RX,10:10:30.909,0x101,32,5A 40 40 28 6C 01 1A 01 00 42 00 00 00 FF 7F 51 78 FF 7F EF 7A 8A 83 FF 7F 12 F1 F0 F7 D7 E5 55
TX,10:10:30.933,0x300,12,40 00 40 28 1C 01 06 01 00 41 EF 7A
RX,10:10:30.953,0x101,32,5B 40 40 28 6C 01 1A 01 00 42 00 00 00 FF 7F 51 78 FF 7F EF 7A 68 83 FF 7F 12 F1 F0 F7 D7 E5 55
TX,10:10:30.973,0x300,12,40 00 40 28 1C 01 06 01 00 41 EF 7A
RX,10:10:30.992,0x101,32,5C 40 40 28 6C 01 1A 01 00 42 00 00 00 FF 7F 51 78 FF 7F EF 7A 63 83 FF 7F 12 F1 F0 F7 D7 E5 55
TX,10:10:31.014,0x300,12,40 00 40 28 1C 01 06 01 00 41 EF 7A
RX,10:10:31.033,0x101,32,5D 40 40 28 6C 01 1A 01 00 42 00 00 00 FF 7F 51 78 FF 7F EF 7A B8 83 FF 7F 12 F1 F0 F7 D7 E5 55
TX,10:10:31.052,0x300,12,40 00 40 28 1C 01 06 01 00 41 EF 7A
RX,10:10:31.074,0x101,32,5E 40 40 28 6C 01 1A 01 00 42 00 00 00 FF 7F 51 78 FF 7F EF 7A BD 83 FF 7F 12 F1 F0 F7 D7 E5 55
TX,10:10:31.102,0x300,12,40 00 40 28 1C 01 06 01 00 41 EF 7A
RX,10:10:31.121,0x101,32,5F 40 40 28 6C 01 1A 01 00 42 00 00 00 FF 7F 51 78 FF 7F EF 7A 57 83 FF 7F 12 F1 F0 F7 D7 E5 55
TX,10:10:31.146,0x300,12,40 00 40 28 1C 01 06 01 00 41 EF 7A
RX,10:10:31.166,0x101,32,60 40 40 28 6C 01 1A 01 00 42 00 00 00 FF 7F 51 78 FF 7F EF 7A 85 83 FF 7F 12 F0 F0 F7 D6 E5 55
TX,10:10:31.188,0x300,12,40 00 40 28 1C 01 06 01 00 41 EF 7A
RX,10:10:31.217,0x101,32,61 40 40 28 6C 01 1A 01 00 42 00 00 00 FF 7F 51 78 FF 7F EF 7A A1 83 FF 7F 12 F0 F0 F7 D6 E5 55
TX,10:10:31.253,0x300,12,40 00 40 28 1C 01 06 01 00 41 EF 7A
RX,10:10:31.275,0x101,32,62 40 40 28 6C 01 1A 01 00 42 00 00 00 FF 7F 51 78 FF 7F EF 7A 9B 83 FF 7F 12 F0 F0 F7 D6 E5 55
TX,10:10:31.298,0x300,6,40 40 40 08 04 01
TX,10:10:31.325,0x300,12,40 40 00 09 1C 01 00 01 10 42 10 20
TX,10:10:31.351,0x300,12,40 00 40 28 1C 01 06 01 00 41 EF 7A
RX,10:10:31.374,0x101,32,63 40 40 38 6C 01 1A 01 00 42 00 00 00 FF 7F 51 78 FF 7F EF 7A A1 83 FF 7F 12 F0 F0 F7 D6 E5 55
RX,10:10:31.397,0x101,16,64 40 00 39 24 01 00 01 10 42 10 20 02 00 01 20
RX,10:10:31.419,0x101,32,65 40 40 28 6C 01 1A 01 00 42 00 00 00 FF 7F 51 78 FF 7F EF 7A AC 83 FF 7F 12 F0 F0 F7 D6 E5 55
TX,10:10:31.446,0x300,12,40 00 40 28 1C 01 06 01 00 41 EF 7A
RX,10:10:31.466,0x101,32,66 40 40 28 6C 01 1A 01 00 42 00 00 00 FF 7F 51 78 FF 7F EF 7A B8 83 FF 7F 12 EF F0 F7 D5 E5 55
TX,10:10:31.494,0x300,12,40 00 40 28 1C 01 06 01 00 41 EF 7A
RX,10:10:31.515,0x101,32,67 40 40 28 6C 01 1A 01 00 42 00 00 00 FF 7F 51 78 FF 7F EF 7A B2 83 FF 7F 12 EE F0 F7 D4 E5 55
TX,10:10:31.543,0x300,12,40 00 40 28 1C 01 06 01 00 41 EF 7A
RX,10:10:31.569,0x101,32,68 40 40 28 6C 01 1A 01 00 42 00 00 00 FF 7F 51 78 FF 7F EF 7A A1 83 FF 7F 12 EE F0 F7 D4 E5 55
TX,10:10:31.602,0x300,12,40 00 40 28 1C 01 06 01 00 41 EF 7A
RX,10:10:31.622,0x101,32,69 40 40 28 6C 01 1A 01 00 42 00 00 00 FF 7F 51 78 FF 7F EF 7A BD 83 FF 7F 12 EE F0 F7 D4 E5 55
TX,10:10:31.650,0x300,12,40 00 40 28 1C 01 06 01 00 41 EF 7A
RX,10:10:31.675,0x101,32,6A 40 40 28 6C 01 1A 01 00 42 00 00 00 FF 7F 51 78 FF 7F EF 7A BD 83 FF 7F 12 EE F0 F7 D4 E5 55
TX,10:10:31.702,0x300,12,40 00 40 28 1C 01 06 01 00 41 EF 7A
RX,10:10:31.722,0x101,32,6B 40 40 28 6C 01 1A 01 00 42 00 00 00 FF 7F 51 78 FF 7F EF 7A F6 83 FF 7F 12 ED F0 F7 D3 E5 55
TX,10:10:31.745,0x300,12,40 00 40 28 1C 01 06 01 00 41 EF 7A
RX,10:10:31.768,0x101,32,6C 40 40 28 6C 01 1A 01 00 42 00 00 00 FF 7F 51 78 FF 7F EF 7A C9 83 FF 7F 12 ED F0 F7 D3 E5 55
TX,10:10:31.789,0x300,6,40 40 40 08 04 01
TX,10:10:31.810,0x300,12,40 40 00 09 1C 01 00 01 10 42 10 20
TX,10:10:31.830,0x300,12,40 00 40 28 1C 01 06 01 00 41 EF 7A
RX,10:10:31.853,0x101,32,6D 40 40 38 6C 01 1A 01 00 42 00 00 00 FF 7F 51 78 FF 7F EF 7A BD 83 FF 7F 12 ED F0 F7 D3 E5 55
RX,10:10:31.874,0x101,16,6E 40 00 39 24 01 00 01 10 42 10 20 02 00 01 20
RX,10:10:31.897,0x101,32,6F 40 40 28 6C 01 1A 01 00 42 00 00 00 FF 7F 51 78 FF 7F EF 7A BD 83 FF 7F 12 EC F0 F7 D2 E5 55
TX,10:10:31.923,0x300,12,40 00 40 28 1C 01 06 01 00 41 EF 7A
RX,10:10:31.944,0x101,32,70 40 40 28 6C 01 1A 01 00 42 00 00 00 FF 7F 51 78 FF 7F EF 7A C9 83 FF 7F 12 EB F0 F7 D1 E5 55
TX,10:10:31.974,0x300,12,40 00 40 28 1C 01 06 01 00 41 EF 7A
RX,10:10:31.995,0x101,32,71 40 40 28 6C 01 1A 01 00 42 00 00 00 FF 7F 51 78 FF 7F EF 7A BD 83 FF 7F 12 EB F0 F7 D1 E5 55
TX,10:10:32.016,0x300,12,40 00 40 28 1C 01 06 01 00 41 EF 7A
RX,10:10:32.035,0x101,32,72 40 40 28 6C 01 1A 01 00 42 00 00 00 FF 7F 51 78 FF 7F EF 7A DA 83 FF 7F 12 EB F0 F7 D1 E5 55
TX,10:10:32.057,0x300,12,40 00 40 28 1C 01 06 01 00 41 EF 7A
RX,10:10:32.077,0x101,32,73 40 40 28 6C 01 1A 01 00 42 00 00 00 FF 7F 51 78 FF 7F EF 7A BD 83 FF 7F 12 EA F0 F7 D0 E5 55
TX,10:10:32.097,0x300,12,40 00 40 28 1C 01 06 01 00 41 EF 7A
RX,10:10:32.116,0x101,32,74 40 40 28 6C 01 1A 01 00 42 00 00 00 FF 7F 51 78 FF 7F EF 7A E5 83 FF 7F 12 EA F0 F7 D0 E5 55
TX,10:10:32.140,0x300,12,40 00 40 28 1C 01 06 01 00 41 EF 7A
RX,10:10:32.162,0x101,32,75 40 40 28 6C 01 1A 01 00 42 00 00 00 FF 7F 51 78 FF 7F EF 7A DA 83 FF 7F 12 EA F0 F7 D0 E5 55
TX,10:10:32.186,0x300,12,40 00 40 28 1C 01 06 01 00 41 EF 7A
RX,10:10:32.206,0x101,32,76 40 40 28 6C 01 1A 01 00 42 00 00 00 FF 7F 51 78 FF 7F EF 7A DA 83 FF 7F 12 E9 F0 F7 CF E5 55
TX,10:10:32.226,0x300,12,40 00 40 28 1C 01 06 01 00 41 EF 7A
RX,10:10:32.245,0x101,32,77 40 40 28 6C 01 1A 01 00 42 00 00 00 FF 7F 51 78 FF 7F EF 7A F0 83 FF 7F 12 E9 F0 F7 CF E5 55
TX,10:10:32.267,0x300,6,40 40 40 08 04 01
TX,10:10:32.287,0x300,12,40 40 00 09 1C 01 00 01 10 42 10 20
TX,10:10:32.306,0x300,12,40 00 40 28 1C 01 06 01 00 41 EF 7A
RX,10:10:32.328,0x101,32,78 40 40 38 6C 01 1A 01 00 42 00 00 00 FF 7F 51 78 FF 7F EF 7A BD 83 FF 7F 12 E9 F0 F7 CF E5 55
RX,10:10:32.351,0x101,16,79 40 00 39 24 01 00 01 10 42 10 20 02 00 01 20
RX,10:10:32.373,0x101,32,7A 40 40 28 6C 01 1A 01 00 42 00 00 00 FF 7F 51 78 FF 7F EF 7A DA 83 FF 7F 12 E8 F0 F7 CE E5 55
TX,10:10:32.399,0x300,12,40 00 40 28 1C 01 06 01 00 41 EF 7A
RX,10:10:32.418,0x101,32,7B 40 40 28 6C 01 1A 01 00 42 00 00 00 FF 7F 51 78 FF 7F EF 7A F6 83 FF 7F 12 E7 F0 F7 CD E5 55
TX,10:10:32.441,0x300,12,40 00 40 28 1C 01 06 01 00 41 EF 7A
RX,10:10:32.467,0x101,32,7C 40 40 28 6C 01 1A 01 00 42 00 00 00 FF 7F 51 78 FF 7F EF 7A FC 83 FF 7F 12 E6 F0 F7 CC E5 55
TX,10:10:32.491,0x300,12,40 00 40 28 1C 01 06 01 00 41 EF 7A
RX,10:10:32.511,0x101,32,7D 40 40 28 6C 01 1A 01 00 42 00 00 00 FF 7F 51 78 FF 7F EF 7A 0D 84 FF 7F 12 E6 F0 F7 CC E5 55
TX,10:10:32.534,0x300,12,40 00 40 28 1C 01 06 01 00 41 EF 7A
RX,10:10:32.553,0x101,32,7E 40 40 28 6C 01 1A 01 00 42 00 00 00 FF 7F 51 78 FF 7F EF 7A 24 84 FF 7F 12 E6 F0 F7 CC E5 55
TX,10:10:32.573,0x300,12,40 00 40 28 1C 01 06 01 00 41 EF 7A
RX,10:10:32.593,0x101,32,7F 40 40 28 6C 01 1A 01 00 42 00 00 00 FF 7F 51 78 FF 7F EF 7A 24 84 FF 7F 12 E5 F0 F7 CB E5 55
TX,10:10:32.616,0x300,12,40 00 40 28 1C 01 06 01 00 41 EF 7A
RX,10:10:32.635,0x101,32,40 40 40 28 6C 01 1A 01 00 42 00 00 00 FF 7F 51 78 FF 7F EF 7A 07 84 FF 7F 12 E4 F0 F7 CA E5 55
TX,10:10:32.658,0x300,12,40 00 40 28 1C 01 06 01 00 41 EF 7A
RX,10:10:32.678,0x101,32,41 40 40 28 6C 01 1A 01 00 42 00 00 00 FF 7F 51 78 FF 7F EF 7A 24 84 FF 7F 12 E4 F0 F7 CA E5 55
TX,10:10:32.700,0x300,12,40 00 40 28 1C 01 06 01 00 41 EF 7A
RX,10:10:32.720,0x101,32,42 40 40 28 6C 01 1A 01 00 42 00 00 00 FF 7F 51 78 FF 7F EF 7A 18 84 FF 7F 12 E4 F0 F7 CA E5 55
TX,10:10:32.743,0x300,12,40 00 40 28 1C 01 06 01 00 41 EF 7A
RX,10:10:32.762,0x101,32,43 40 40 28 6C 01 1A 01 00 42 00 00 00 FF 7F 51 78 FF 7F EF 7A 07 84 FF 7F 12 E3 F0 F7 C9 E5 55
TX,10:10:32.781,0x300,6,40 40 40 08 04 01
TX,10:10:32.800,0x300,12,40 40 00 09 1C 01 00 01 10 42 10 20
TX,10:10:32.821,0x300,12,40 00 40 28 1C 01 06 01 00 41 EF 7A
RX,10:10:32.842,0x101,32,44 40 40 38 6C 01 1A 01 00 42 00 00 00 FF 7F 51 78 FF 7F EF 7A 0D 84 FF 7F 12 E2 F0 F7 C8 E5 55
RX,10:10:32.863,0x101,16,45 40 00 39 24 01 00 01 10 42 10 20 02 00 01 20
RX,10:10:32.883,0x101,32,46 40 40 28 6C 01 1A 01 00 42 00 00 00 FF 7F 51 78 FF 7F EF 7A 18 84 FF 7F 12 E2 F0 F7 C8 E5 55
TX,10:10:32.908,0x300,12,40 00 40 28 1C 01 06 01 00 41 EF 7A
RX,10:10:32.928,0x101,32,47 40 40 28 6C 01 1A 01 00 42 00 00 00 FF 7F 51 78 FF 7F EF 7A 2F 84 FF 7F 12 E1 F0 F7 C7 E5 55
TX,10:10:32.951,0x300,12,40 00 40 28 1C 01 06 01 00 41 EF 7A
RX,10:10:32.972,0x101,32,48 40 40 28 6C 01 1A 01 00 42 00 00 00 FF 7F 51 78 FF 7F EF 7A 24 84 FF 7F 12 E1 F0 F7 C7 E5 55
TX,10:10:32.993,0x300,12,40 00 40 28 1C 01 06 01 00 41 EF 7A
RX,10:10:33.011,0x101,32,49 40 40 28 6C 01 1A 01 00 42 00 00 00 FF 7F 51 78 FF 7F EF 7A 24 84 FF 7F 12 E1 F0 F7 C7 E5 55
TX,10:10:33.034,0x300,12,40 00 40 28 1C 01 06 01 00 41 EF 7A
RX,10:10:33.053,0x101,32,4A 40 40 28 6C 01 1A 01 00 42 00 00 00 FF 7F 51 78 FF 7F EF 7A 3A 84 FF 7F 12 E0 F0 F7 C6 E5 55
TX,10:10:33.074,0x300,12,40 00 40 28 1C 01 06 01 00 41 EF 7A
RX,10:10:33.094,0x101,32,4B 40 40 28 6C 01 1A 01 00 42 00 00 00 FF 7F 51 78 FF 7F EF 7A 68 84 FF 7F 12 E0 F0 F7 C6 E5 55
TX,10:10:33.119,0x300,12,40 00 40 28 1C 01 06 01 00 41 EF 7A
RX,10:10:33.140,0x101,32,4C 40 40 28 6C 01 1A 01 00 42 00 00 00 FF 7F 51 78 FF 7F EF 7A 18 84 FF 7F 12 DF F0 F7 C5 E5 55
TX,10:10:33.166,0x300,12,40 00 40 28 1C 01 06 01 00 41 EF 7A
RX,10:10:33.185,0x101,32,4D 40 40 28 6C 01 1A 01 00 42 00 00 00 FF 7F 51 78 FF 7F EF 7A 24 84 FF 7F 12 DF F0 F7 C5 E5 55
TX,10:10:33.205,0x300,12,40 00 40 28 1C 01 06 01 00 41 EF 7A
RX,10:10:33.224,0x101,32,4E 40 40 28 6C 01 1A 01 00 42 00 00 00 FF 7F 51 78 FF 7F EF 7A 24 84 FF 7F 12 DE F0 F7 C4 E5 55
TX,10:10:33.247,0x300,12,40 00 40 28 1C 01 06 01 00 41 EF 7A
RX,10:10:33.267,0x101,32,4F 40 40 28 6C 01 1A 01 00 42 00 00 00 FF 7F 51 78 FF 7F EF 7A 24 84 FF 7F 12 DD F0 F7 C3 E5 55
TX,10:10:33.287,0x300,6,40 40 40 08 04 01
TX,10:10:33.307,0x300,12,40 40 00 09 1C 01 00 01 10 42 10 20
TX,10:10:33.327,0x300,12,40 00 40 28 1C 01 06 01 00 41 EF 7A
RX,10:10:33.348,0x101,32,50 40 40 38 6C 01 1A 01 00 42 00 00 00 FF 7F 51 78 FF 7F EF 7A 24 84 FF 7F 12 DD F0 F7 C3 E5 55
RX,10:10:33.367,0x101,16,51 40 00 39 24 01 00 01 10 42 10 20 02 00 01 20
RX,10:10:33.387,0x101,32,52 40 40 28 6C 01 1A 01 00 42 00 00 00 FF 7F 51 78 FF 7F EF 7A 40 84 FF 7F 12 DC F0 F7 C2 E5 55
TX,10:10:33.409,0x300,12,40 00 40 28 1C 01 06 01 00 41 EF 7A
RX,10:10:33.428,0x101,32,53 40 40 28 6C 01 1A 01 00 42 00 00 00 FF 7F 51 78 FF 7F EF 7A 40 84 FF 7F 12 DB F0 F7 C1 E5 55
TX,10:10:33.454,0x300,12,40 00 40 28 1C 01 06 01 00 41 EF 7A
RX,10:10:33.474,0x101,32,54 40 40 28 6C 01 1A 01 00 42 00 00 00 FF 7F 51 78 FF 7F EF 7A 3A 84 FF 7F 12 DA F0 F7 C0 E5 55
TX,10:10:33.493,0x300,12,40 00 40 28 1C 01 06 01 00 41 EF 7A
RX,10:10:33.513,0x101,32,55 40 40 28 6C 01 1A 01 00 42 00 00 00 FF 7F 51 78 FF 7F EF 7A 73 84 FF 7F 12 DA F0 F7 C0 E5 55
TX,10:10:33.536,0x300,12,40 00 40 28 1C 01 06 01 00 41 EF 7A
RX,10:10:33.556,0x101,32,56 40 40 28 6C 01 1A 01 00 42 00 00 00 FF 7F 51 78 FF 7F EF 7A 73 84 FF 7F 12 D9 F0 F7 BF E5 55
TX,10:10:33.575,0x300,12,40 00 40 28 1C 01 06 01 00 41 EF 7A
RX,10:10:33.594,0x101,32,57 40 40 28 6C 01 1A 01 00 42 00 00 00 FF 7F 51 78 FF 7F EF 7A 57 84 FF 7F 12 D9 F0 F7 BF E5 55
TX,10:10:33.618,0x300,12,40 00 40 28 1C 01 06 01 00 41 EF 7A
RX,10:10:33.638,0x101,32,58 40 40 28 6C 01 1A 01 00 42 00 00 00 FF 7F 51 78 FF 7F EF 7A 73 84 FF 7F 12 D8 F0 F7 BE E5 55
TX,10:10:33.661,0x300,12,40 00 40 28 1C 01 06 01 00 41 EF 7A
RX,10:10:33.681,0x101,32,59 40 40 28 6C 01 1A 01 00 42 00 00 00 FF 7F 51 78 FF 7F EF 7A 40 84 FF 7F 12 D8 F0 F7 BE E5 55
TX,10:10:33.700,0x300,12,40 00 40 28 1C 01 06 01 00 41 EF 7A
RX,10:10:33.718,0x101,32,5A 40 40 28 6C 01 1A 01 00 42 00 00 00 FF 7F 51 78 FF 7F EF 7A 73 84 FF 7F 12 D7 F0 F7 BD E5 55
TX,10:10:33.740,0x300,12,40 00 40 28 1C 01 06 01 00 41 EF 7A
RX,10:10:33.761,0x101,32,5B 40 40 28 6C 01 1A 01 00 42 00 00 00 FF 7F 51 78 FF 7F EF 7A 62 84 FF 7F 12 D7 F0 F7 BD E5 55
TX,10:10:33.782,0x300,6,40 40 40 08 04 01
TX,10:10:33.801,0x300,12,40 40 00 09 1C 01 00 01 10 42 10 20
TX,10:10:33.821,0x300,12,40 00 40 28 1C 01 06 01 00 41 EF 7A
RX,10:10:33.841,0x101,32,5C 40 40 38 6C 01 1A 01 00 42 00 00 00 FF 7F 51 78 FF 7F EF 7A 62 84 FF 7F 12 D7 F0 F7 BD E5 55
RX,10:10:33.861,0x101,16,5D 40 00 39 24 01 00 01 10 42 10 20 02 00 01 20
RX,10:10:33.881,0x101,32,5E 40 40 28 6C 01 1A 01 00 42 00 00 00 FF 7F 51 78 FF 7F EF 7A 62 84 FF 7F 12 D7 F0 F7 BD E5 55
TX,10:10:33.905,0x300,12,40 00 40 28 1C 01 06 01 00 41 EF 7A
RX,10:10:33.924,0x101,32,5F 40 40 28 6C 01 1A 01 00 42 00 00 00 FF 7F 51 78 FF 7F EF 7A 8A 84 FF 7F 12 D6 F0 F7 BC E5 55
TX,10:10:33.948,0x300,12,40 00 40 28 1C 01 06 01 00 41 EF 7A
RX,10:10:33.969,0x101,32,60 40 40 28 6C 01 1A 01 00 42 00 00 00 FF 7F 51 78 FF 7F EF 7A 57 84 FF 7F 12 D6 F0 F7 BC E5 55
TX,10:10:33.988,0x300,12,40 00 40 28 1C 01 06 01 00 41 EF 7A
RX,10:10:34.007,0x101,32,61 40 40 28 6C 01 1A 01 00 42 00 00 00 FF 7F 51 78 FF 7F EF 7A A6 84 FF 7F 12 D5 F0 F7 BB E5 55
TX,10:10:34.030,0x300,12,40 00 40 28 1C 01 06 01 00 41 EF 7A
RX,10:10:34.050,0x101,32,62 40 40 28 6C 01 1A 01 00 42 00 00 00 FF 7F 51 78 FF 7F EF 7A 7E 84 FF 7F 12 D5 F0 F7 BB E5 55
TX,10:10:34.071,0x300,12,40 00 40 28 1C 01 06 01 00 41 EF 7A
RX,10:10:34.090,0x101,32,63 40 40 28 6C 01 1A 01 00 42 00 00 00 FF 7F 51 78 FF 7F EF 7A 95 84 FF 7F 12 D5 F0 F7 BB E5 55
TX,10:10:34.115,0x300,12,40 00 40 28 1C 01 06 01 00 41 EF 7A
RX,10:10:34.135,0x101,32,64 40 40 28 6C 01 1A 01 00 42 00 00 00 FF 7F 51 78 FF 7F EF 7A B1 84 FF 7F 12 D4 F0 F7 BA E5 55
TX,10:10:34.160,0x300,12,40 00 40 28 1C 01 06 01 00 41 EF 7A
RX,10:10:34.180,0x101,32,65 40 40 28 6C 01 1A 01 00 42 00 00 00 FF 7F 51 78 FF 7F EF 7A 7E 84 FF 7F 12 D3 F0 F7 B9 E5 55
TX,10:10:34.199,0x300,12,40 00 40 28 1C 01 06 01 00 41 EF 7A
RX,10:10:34.218,0x101,32,66 40 40 28 6C 01 1A 01 00 42 00 00 00 FF 7F 51 78 FF 7F EF 7A 73 84 FF 7F 12 D3 F0 F7 B9 E5 55
TX,10:10:34.240,0x300,12,40 00 40 28 1C 01 06 01 00 41 EF 7A
RX,10:10:34.261,0x101,32,67 40 40 28 6C 01 1A 01 00 42 00 00 00 FF 7F 51 78 FF 7F EF 7A C8 84 FF 7F 12 D2 F0 F7 B8 E5 55
TX,10:10:34.282,0x300,6,40 40 40 08 04 01
TX,10:10:34.303,0x300,12,40 40 00 09 1C 01 00 01 10 42 10 20
TX,10:10:34.323,0x300,12,40 00 40 28 1C 01 06 01 00 41 EF 7A
RX,10:10:34.343,0x101,32,68 40 40 38 6C 01 1A 01 00 42 00 00 00 FF 7F 51 78 FF 7F EF 7A B1 84 FF 7F 12 D2 F0 F7 B8 E5 55
RX,10:10:34.362,0x101,16,69 40 00 39 24 01 00 01 10 42 10 20 02 00 01 20
RX,10:10:34.383,0x101,32,6A 40 40 28 6C 01 1A 01 00 42 00 00 00 FF 7F 51 78 FF 7F EF 7A E4 84 FF 7F 12 D1 F0 F7 B7 E5 55
TX,10:10:34.406,0x300,12,40 00 40 28 1C 01 06 01 00 41 EF 7A
RX,10:10:34.427,0x101,32,6B 40 40 28 6C 01 1A 01 00 42 00 00 00 FF 7F 51 78 FF 7F EF 7A CE 84 FF 7F 12 D0 F0 F7 B6 E5 55
TX,10:10:34.449,0x300,12,40 00 40 28 1C 01 06 01 00 41 EF 7A
RX,10:10:34.470,0x101,32,6C 40 40 28 6C 01 1A 01 00 42 00 00 00 FF 7F 51 78 FF 7F EF 7A BD 84 FF 7F 12 D0 F0 F7 B6 E5 55
TX,10:10:34.490,0x300,12,40 00 40 28 1C 01 06 01 00 41 EF 7A
RX,10:10:34.509,0x101,32,6D 40 40 28 6C 01 1A 01 00 42 00 00 00 FF 7F 51 78 FF 7F EF 7A BD 84 FF 7F 12 CF F0 F7 B5 E5 55
TX,10:10:34.530,0x300,12,40 00 40 28 1C 01 06 01 00 41 EF 7A
RX,10:10:34.552,0x101,32,6E 40 40 28 6C 01 1A 01 00 42 00 00 00 FF 7F 51 78 FF 7F EF 7A D9 84 FF 7F 12 CE F0 F7 B4 E5 55
TX,10:10:34.571,0x300,12,40 00 40 28 1C 01 06 01 00 41 EF 7A
RX,10:10:34.591,0x101,32,6F 40 40 28 6C 01 1A 01 00 42 00 00 00 FF 7F 51 78 FF 7F EF 7A E4 84 FF 7F 12 CE F0 F7 B4 E5 55
TX,10:10:34.612,0x300,12,40 00 40 28 1C 01 06 01 00 41 EF 7A
RX,10:10:34.632,0x101,32,70 40 40 28 6C 01 1A 01 00 42 00 00 00 FF 7F 51 78 FF 7F EF 7A F5 84 FF 7F 12 CD F0 F7 B3 E5 55
TX,10:10:34.656,0x300,12,40 00 40 28 1C 01 06 01 00 41 EF 7A
RX,10:10:34.677,0x101,32,71 40 40 28 6C 01 1A 01 00 42 00 00 00 FF 7F 51 78 FF 7F EF 7A A6 84 FF 7F 12 CC F0 F7 B2 E5 55
TX,10:10:34.698,0x300,12,40 00 40 28 1C 01 06 01 00 41 EF 7A
RX,10:10:34.717,0x101,32,72 40 40 28 6C 01 1A 01 00 42 00 00 00 FF 7F 51 78 FF 7F EF 7A D9 84 FF 7F 12 CC F0 F7 B2 E5 55
TX,10:10:34.740,0x300,12,40 00 40 28 1C 01 06 01 00 41 EF 7A
RX,10:10:34.761,0x101,32,73 40 40 28 6C 01 1A 01 00 42 00 00 00 FF 7F 51 78 FF 7F EF 7A CE 84 FF 7F 12 CB F0 F7 B1 E5 55
TX,10:10:34.783,0x300,6,40 40 40 08 04 01
TX,10:10:34.804,0x300,12,40 40 00 09 1C 01 00 01 10 42 10 20
TX,10:10:34.823,0x300,12,40 00 40 28 1C 01 06 01 00 41 EF 7A
RX,10:10:34.844,0x101,32,74 40 40 38 6C 01 1A 01 00 42 00 00 00 FF 7F 51 78 FF 7F EF 7A F5 84 FF 7F 12 CB F0 F7 B1 E5 55
RX,10:10:34.864,0x101,16,75 40 00 39 24 01 00 01 10 42 10 20 02 00 01 20
RX,10:10:34.884,0x101,32,76 40 40 28 6C 01 1A 01 00 42 00 00 00 FF 7F 51 78 FF 7F EF 7A CE 84 FF 7F 12 CA F0 F7 B0 E5 55
TX,10:10:34.909,0x300,12,40 00 40 28 1C 01 06 01 00 41 EF 7A
RX,10:10:34.930,0x101,32,77 40 40 28 6C 01 1A 01 00 42 00 00 00 FF 7F 51 78 FF 7F EF 7A B1 84 FF 7F 12 C8 F0 F7 AE E5 55
TX,10:10:34.955,0x300,12,40 00 40 28 1C 01 06 01 00 41 EF 7A
RX,10:10:34.975,0x101,32,78 40 40 28 6C 01 1A 01 00 42 00 00 00 FF 7F 51 78 FF 7F EF 7A 01 85 FF 7F 12 C8 F0 F7 AE E5 55
TX,10:10:34.994,0x300,12,40 00 40 28 1C 01 06 01 00 41 EF 7A
RX,10:10:35.014,0x101,32,79 40 40 28 6C 01 1A 01 00 42 00 00 00 FF 7F 51 78 FF 7F EF 7A F5 84 FF 7F 12 C7 F0 F7 AD E5 55
TX,10:10:35.037,0x300,12,40 00 40 28 1C 01 06 01 00 41 EF 7A
RX,10:10:35.058,0x101,32,7A 40 40 28 6C 01 1A 01 00 42 00 00 00 FF 7F 51 78 FF 7F EF 7A E4 84 FF 7F 12 C7 F0 F7 AD E5 55
TX,10:10:35.078,0x300,12,40 00 40 28 1C 01 06 01 00 41 EF 7A
RX,10:10:35.097,0x101,32,7B 40 40 28 6C 01 1A 01 00 42 00 00 00 FF 7F 51 78 FF 7F EF 7A BD 84 FF 7F 12 C6 F0 F7 AC E5 55
TX,10:10:35.120,0x300,12,40 00 40 28 1C 01 06 01 00 41 EF 7A
RX,10:10:35.140,0x101,32,7C 40 40 28 6C 01 1A 01 00 42 00 00 00 FF 7F 51 78 FF 7F EF 7A 17 85 FF 7F 12 C6 F0 F7 AC E5 55
TX,10:10:35.164,0x300,12,40 00 40 28 1C 01 06 01 00 41 EF 7A
RX,10:10:35.186,0x101,32,7D 40 40 28 6C 01 1A 01 00 42 00 00 00 FF 7F 51 78 FF 7F EF 7A 01 85 FF 7F 12 C5 F0 F7 AB E5 55
TX,10:10:35.205,0x300,12,40 00 40 28 1C 01 06 01 00 41 EF 7A
RX,10:10:35.224,0x101,32,7E 40 40 28 6C 01 1A 01 00 42 00 00 00 FF 7F 51 78 FF 7F EF 7A 0C 85 FF 7F 12 C4 F0 F7 AA E5 55
TX,10:10:35.247,0x300,12,40 00 40 28 1C 01 06 01 00 41 EF 7A
RX,10:10:35.267,0x101,32,7F 40 40 28 6C 01 1A 01 00 42 00 00 00 FF 7F 51 78 FF 7F EF 7A 01 85 FF 7F 12 C3 F0 F7 A9 E5 55
TX,10:10:35.288,0x300,6,40 40 40 08 04 01
TX,10:10:35.309,0x300,12,40 40 00 09 1C 01 00 01 10 42 10 20
TX,10:10:35.330,0x300,12,40 00 40 28 1C 01 06 01 00 41 EF 7A
RX,10:10:35.351,0x101,32,40 40 40 38 6C 01 1A 01 00 42 00 00 00 FF 7F 51 78 FF 7F EF 7A 0C 85 FF 7F 12 C2 F0 F7 A8 E5 55
RX,10:10:35.370,0x101,16,41 40 00 39 24 01 00 01 10 42 10 20 02 00 01 20
RX,10:10:35.388,0x101,32,42 40 40 28 6C 01 1A 01 00 42 00 00 00 FF 7F 51 78 FF 7F EF 7A F5 84 FF 7F 12 C1 F0 F7 A7 E5 55
TX,10:10:35.413,0x300,12,40 00 40 28 1C 01 06 01 00 41 EF 7A
RX,10:10:35.433,0x101,32,43 40 40 28 6C 01 1A 01 00 42 00 00 00 FF 7F 51 78 FF 7F EF 7A 5B 85 FF 7F 12 C1 F0 F7 A7 E5 55
TX,10:10:35.456,0x300,12,40 00 40 28 1C 01 06 01 00 41 EF 7A
RX,10:10:35.476,0x101,32,44 40 40 28 6C 01 1A 01 00 42 00 00 00 FF 7F 51 78 FF 7F EF 7A 01 85 FF 7F 12 C0 F0 F7 A6 E5 55
TX,10:10:35.495,0x300,12,40 00 40 28 1C 01 06 01 00 41 EF 7A
RX,10:10:35.516,0x101,32,45 40 40 28 6C 01 1A 01 00 42 00 00 00 FF 7F 51 78 FF 7F EF 7A 0C 85 FF 7F 12 C0 F0 F7 A6 E5 55
TX,10:10:35.539,0x300,12,40 00 40 28 1C 01 06 01 00 41 EF 7A
RX,10:10:35.560,0x101,32,46 40 40 28 6C 01 1A 01 00 42 00 00 00 FF 7F 51 78 FF 7F EF 7A 23 85 FF 7F 12 BF F0 F7 A5 E5 55
TX,10:10:35.581,0x300,12,40 00 40 28 1C 01 06 01 00 41 EF 7A
RX,10:10:35.603,0x101,32,47 40 40 28 6C 01 1A 01 00 42 00 00 00 FF 7F 51 78 FF 7F EF 7A 50 85 FF 7F 12 BF F0 F7 A5 E5 55
TX,10:10:35.628,0x300,12,40 00 40 28 1C 01 06 01 00 41 EF 7A
RX,10:10:35.647,0x101,32,48 40 40 28 6C 01 1A 01 00 42 00 00 00 FF 7F 51 78 FF 7F EF 7A 34 85 FF 7F 12 BE F0 F7 A4 E5 55
TX,10:10:35.671,0x300,12,40 00 40 28 1C 01 06 01 00 41 EF 7A
RX,10:10:35.691,0x101,32,49 40 40 28 6C 01 1A 01 00 42 00 00 00 FF 7F 51 78 FF 7F EF 7A 67 85 FF 7F 12 BD F0 F7 A3 E5 55
TX,10:10:35.710,0x300,12,40 00 40 28 1C 01 06 01 00 41 EF 7A
RX,10:10:35.729,0x101,32,4A 40 40 28 6C 01 1A 01 00 42 00 00 00 FF 7F 51 78 FF 7F EF 7A 0C 85 FF 7F 12 BD F0 F7 A3 E5 55
TX,10:10:35.751,0x300,12,40 00 40 28 1C 01 06 01 00 41 EF 7A
RX,10:10:35.771,0x101,32,4B 40 40 28 6C 01 1A 01 00 42 00 00 00 FF 7F 51 78 FF 7F EF 7A 34 85 FF 7F 12 BD F0 F7 A3 E5 55
TX,10:10:35.794,0x300,6,40 40 40 08 04 01
TX,10:10:35.814,0x300,12,40 40 00 09 1C 01 00 01 10 42 10 20
TX,10:10:35.835,0x300,12,40 00 40 28 1C 01 06 01 00 41 EF 7A
RX,10:10:35.855,0x101,32,4C 40 40 38 6C 01 1A 01 00 42 00 00 00 FF 7F 51 78 FF 7F EF 7A 67 85 FF 7F 12 BC F0 F7 A2 E5 55
RX,10:10:35.874,0x101,16,4D 40 00 39 24 01 00 01 10 42 10 20 02 00 01 20
RX,10:10:35.894,0x101,32,4E 40 40 28 6C 01 1A 01 00 42 00 00 00 FF 7F 51 78 FF 7F EF 7A 5B 85 FF 7F 12 BB F0 F7 A1 E5 55
TX,10:10:35.920,0x300,12,40 00 40 28 1C 01 06 01 00 41 EF 7A
RX,10:10:35.941,0x101,32,4F 40 40 28 6C 01 1A 01 00 42 00 00 00 FF 7F 51 78 FF 7F EF 7A 34 85 FF 7F 12 BA F0 F7 A0 E5 55
TX,10:10:35.966,0x300,12,40 00 40 28 1C 01 06 01 00 41 EF 7A
RX,10:10:35.988,0x101,32,50 40 40 28 6C 01 1A 01 00 42 00 00 00 FF 7F 51 78 FF 7F EF 7A 72 85 FF 7F 12 B9 F0 F7 9F E5 55
TX,10:10:36.007,0x300,12,40 00 40 28 1C 01 06 01 00 41 EF 7A
RX,10:10:36.026,0x101,32,51 40 40 28 6C 01 1A 01 00 42 00 00 00 FF 7F 51 78 FF 7F EF 7A 0C 85 FF 7F 12 B8 F0 F7 9E E5 55
TX,10:10:36.048,0x300,12,40 00 40 28 1C 01 06 01 00 41 EF 7A
RX,10:10:36.067,0x101,32,52 40 40 28 6C 01 1A 01 00 42 00 00 00 FF 7F 51 78 FF 7F EF 7A 72 85 FF 7F 12 B8 F0 F7 9E E5 55
TX,10:10:36.087,0x300,12,40 00 40 28 1C 01 06 01 00 41 EF 7A
RX,10:10:36.107,0x101,32,53 40 40 28 6C 01 1A 01 00 42 00 00 00 FF 7F 51 78 FF 7F EF 7A 72 85 FF 7F 12 B7 F0 F7 9D E5 55
TX,10:10:36.131,0x300,12,40 00 40 28 1C 01 06 01 00 41 EF 7A
RX,10:10:36.151,0x101,32,54 40 40 28 6C 01 1A 01 00 42 00 00 00 FF 7F 51 78 00 80 EF 7A 5B 85 FF 7F 12 B7 F0 F7 9D E5 55
TX,10:10:36.174,0x300,12,40 00 40 28 1C 01 06 01 00 41 EF 7A
RX,10:10:36.196,0x101,32,55 40 40 28 6C 01 1A 01 00 42 00 00 00 FF 7F 51 78 00 80 EF 7A 45 85 FF 7F 12 B2 F0 F7 98 E5 55
TX,10:10:36.216,0x300,12,40 00 40 28 1C 01 06 01 00 41 EF 7A
RX,10:10:36.235,0x101,32,56 40 40 28 6C 01 1A 01 00 42 00 00 00 FF 7F 51 78 05 80 ED 7A CE 84 FF 7F 12 A5 ED F7 8B E2 55
TX,10:10:36.261,0x300,6,40 40 40 08 04 01
TX,10:10:36.281,0x300,12,40 40 00 09 1C 01 00 01 10 42 10 20
TX,10:10:36.305,0x300,12,40 00 40 28 1C 01 06 01 00 41 EF 7A
RX,10:10:36.325,0x101,32,57 40 40 38 6C 01 1A 01 00 42 00 00 00 FF 7F 51 78 05 80 EB 7A B1 84 FF 7F 12 7D EA F7 63 DF 55
RX,10:10:36.347,0x101,16,58 40 00 39 24 01 00 01 10 42 10 20 02 00 01 20
RX,10:10:36.367,0x101,32,59 40 40 28 6C 01 1A 01 00 42 00 00 00 FF 7F 51 78 19 80 E2 7A F0 83 FF 7F 12 3D DD F7 23 D2 55
TX,10:10:36.398,0x300,12,40 00 40 28 1C 01 06 01 00 41 EF 7A
RX,10:10:36.418,0x101,32,5A 40 40 28 6C 01 1A 01 00 42 00 00 00 FF 7F 51 78 2D 80 CF 7A 7F 83 FF 7F 12 13 BE F7 F9 B2 55
TX,10:10:36.453,0x300,12,40 00 40 28 1C 01 06 01 00 41 EF 7A
RX,10:10:36.475,0x101,32,5B 40 40 28 6C 01 1A 01 00 42 00 00 00 FF 7F 51 78 40 80 C0 7A E5 83 FF 7F 12 F2 A6 F7 D8 9B 55
TX,10:10:36.499,0x300,12,40 00 40 28 1C 01 06 01 00 41 EF 7A
RX,10:10:36.519,0x101,32,5C 40 40 28 6C 01 1A 01 00 42 00 00 00 FF 7F 51 78 41 80 A0 7A B8 83 FF 7F 12 B3 72 F7 99 67 55
TX,10:10:36.548,0x300,12,40 00 40 28 1C 01 06 01 00 41 EF 7A
RX,10:10:36.569,0x101,32,5D 40 40 28 6C 01 1A 01 00 42 00 00 00 FF 7F 51 78 6D 80 71 7A B2 83 FF 7F 12 1C 29 F7 02 1E 55
TX,10:10:36.595,0x300,12,40 00 40 28 1C 01 06 01 00 41 EF 7A
RX,10:10:36.615,0x101,32,5E 40 40 28 6C 01 1A 01 00 42 00 00 00 FF 7F 51 78 AB 80 30 7A 79 84 FF 7F 12 45 C1 F6 2B B6 54
TX,10:10:36.648,0x300,12,40 00 40 28 1C 01 06 01 00 41 EF 7A
RX,10:10:36.670,0x101,32,5F 40 40 28 6C 01 1A 01 00 42 00 00 00 FF 7F 51 78 08 81 C0 79 51 84 FF 7F 12 41 0D F6 27 02 54
TX,10:10:36.706,0x300,12,40 00 40 28 1C 01 06 01 00 41 EF 7A
RX,10:10:36.728,0x101,32,60 40 40 28 6C 01 1A 01 00 42 00 00 00 FF 7F 51 78 BD 81 04 79 4A 85 FF 7F 12 C5 E1 F4 AB D6 52
TX,10:10:36.752,0x300,12,40 00 40 28 1C 01 06 01 00 41 EF 7A
RX,10:10:36.773,0x101,32,61 40 40 28 6C 01 1A 01 00 42 00 00 00 FF 7F 51 78 85 82 01 78 54 87 FF 7F 12 A3 43 F3 89 38 51
TX,10:10:36.805,0x300,6,40 40 40 08 04 01
TX,10:10:36.827,0x300,12,40 40 00 09 1C 01 00 01 10 42 10 20
TX,10:10:36.851,0x300,12,40 00 40 28 1C 01 06 01 00 41 EF 7A
RX,10:10:36.874,0x101,32,62 40 40 38 6C 01 1A 01 00 42 00 00 00 A3 80 51 78 77 84 E4 75 C4 89 FF 7F 12 FA E4 EF E0 D9 4D
RX,10:10:36.896,0x101,16,63 40 00 39 24 01 00 01 10 42 10 20 02 00 01 20
RX,10:10:36.918,0x101,32,64 40 40 28 6C 01 1A 01 00 42 00 00 00 A3 80 51 78 D6 86 FA 72 05 8E FF 7F 12 83 3E EB 69 33 49
TX,10:10:36.964,0x300,12,40 00 40 28 1C 01 06 01 00 41 EF 7A
RX,10:10:36.988,0x101,32,65 40 40 28 6C 01 1A 01 00 43 00 00 00 FF 7F 51 78 11 8E 6A 64 FF 7F FF 7F 12 6A 0B D4 50 00 32
TX,10:10:37.056,0x300,12,40 00 40 28 1C 01 06 01 00 41 EF 7A
RX,10:10:37.090,0x101,32,66 40 40 28 6C 01 1A 01 00 43 00 00 00 FF 7F 51 78 BF 86 23 5A FF 7F FF 7F 12 A8 B5 C3 8E AA 21
TX,10:10:37.136,0x300,12,40 00 40 28 1C 01 06 01 00 41 EF 7A
RX,10:10:37.161,0x101,32,67 40 40 28 6C 01 1A 01 00 43 00 00 00 FF 7F 51 78 48 82 56 56 FF 7F FF 7F 12 57 AF BD 3D A4 1B
TX,10:10:37.193,0x300,12,40 00 40 28 1C 01 06 01 00 41 EF 7A
RX,10:10:37.218,0x101,32,68 40 40 28 6C 01 1A 01 00 43 00 00 00 FF 7F 51 78 67 80 7F 55 FF 7F FF 7F 12 DA 5A BC C0 4F 1A
TX,10:10:37.251,0x300,12,40 00 40 28 1C 01 06 01 00 41 EF 7A
RX,10:10:37.278,0x101,32,69 40 40 28 6C 01 1A 01 00 43 00 00 00 FF 7F 51 78 FF 7F 75 55 FF 7F FF 7F 12 21 4C BC 07 41 1A
TX,10:10:37.310,0x300,6,40 40 40 08 04 01
TX,10:10:37.336,0x300,12,40 40 00 09 1C 01 00 01 10 42 10 20
TX,10:10:37.365,0x300,12,40 00 40 28 1C 01 06 01 00 41 EF 7A
RX,10:10:37.391,0x101,32,6A 40 40 38 6C 01 1A 01 00 43 00 00 00 FF 7F 51 78 FF 7F 75 55 FF 7F FF 7F 12 00 4C BC E6 40 1A
RX,10:10:37.422,0x101,16,6B 40 00 39 24 01 00 01 10 42 10 20 03 00 01 20
RX,10:10:37.448,0x101,32,6C 40 40 28 6C 01 1A 01 00 43 00 00 00 FF 7F 51 78 FF 7F 75 55 FF 7F FF 7F 12 05 4C BC EB 40 1A
TX,10:10:37.482,0x300,12,40 00 40 28 1C 01 06 01 00 41 EF 7A
RX,10:10:37.507,0x101,32,6D 40 40 28 6C 01 1A 01 00 43 00 00 00 FF 7F 51 78 FF 7F 75 55 FF 7F FF 7F 12 1C 4C BC 02 41 1A
TX,10:10:37.528,0x300,12,40 00 40 28 1C 01 06 01 00 41 EF 7A
RX,10:10:37.549,0x101,32,6E 40 40 28 6C 01 1A 01 00 43 00 00 00 FF 7F 51 78 FF 7F 75 55 FF 7F FF 7F 12 23 4C BC 09 41 1A
TX,10:10:37.574,0x300,12,40 00 40 28 1C 01 06 01 00 41 EF 7A
RX,10:10:37.596,0x101,32,6F 40 40 28 6C 01 1A 01 00 43 00 00 00 FF 7F 51 78 FF 7F 75 55 FF 7F FF 7F 12 32 4C BC 18 41 1A
TX,10:10:37.618,0x300,12,40 00 40 28 1C 01 06 01 00 41 EF 7A
RX,10:10:37.640,0x101,32,70 40 40 28 6C 01 1A 01 00 43 00 00 00 FF 7F 51 78 FF 7F 75 55 FF 7F FF 7F 12 36 4C BC 1C 41 1A
TX,10:10:37.666,0x300,12,40 00 40 28 1C 01 06 01 00 41 EF 7A
RX,10:10:37.691,0x101,32,71 40 40 28 6C 01 1A 01 00 43 00 00 00 FF 7F 51 78 FF 7F 75 55 FF 7F FF 7F 12 36 4C BC 1C 41 1A
TX,10:10:37.715,0x300,12,40 00 40 28 1C 01 06 01 00 41 EF 7A
RX,10:10:37.737,0x101,32,72 40 40 28 6C 01 1A 01 00 43 00 00 00 FF 7F 51 78 FF 7F 75 55 FF 7F FF 7F 12 37 4C BC 1D 41 1A
TX,10:10:37.764,0x300,6,40 40 40 08 04 01
TX,10:10:37.786,0x300,12,40 40 00 09 1C 01 00 01 10 42 10 20
TX,10:10:37.811,0x300,12,40 00 40 28 1C 01 06 01 00 41 EF 7A
RX,10:10:37.833,0x101,32,73 40 40 38 6C 01 1A 01 00 43 00 00 00 FF 7F 51 78 FF 7F 75 55 FF 7F FF 7F 12 3B 4C BC 21 41 1A
RX,10:10:37.857,0x101,16,74 40 00 39 24 01 00 01 10 42 10 20 03 00 01 20
RX,10:10:37.880,0x101,32,75 40 40 28 6C 01 1A 01 00 43 00 00 00 FF 7F 51 78 FF 7F 75 55 FF 7F FF 7F 12 3D 4C BC 23 41 1A
TX,10:10:37.906,0x300,12,40 00 40 28 1C 01 06 01 00 41 EF 7A
RX,10:10:37.929,0x101,32,76 40 40 28 6C 01 1A 01 00 43 00 00 00 FF 7F 51 78 FF 7F 75 55 FF 7F FF 7F 12 3C 4C BC 22 41 1A
TX,10:10:37.954,0x300,12,40 00 40 28 1C 01 06 01 00 41 EF 7A
RX,10:10:37.978,0x101,32,77 40 40 28 6C 01 1A 01 00 43 00 00 00 FF 7F 51 78 FF 7F 75 55 FF 7F FF 7F 12 3D 4C BC 23 41 1A
TX,10:10:38.001,0x300,12,40 00 40 28 1C 01 06 01 00 41 EF 7A
RX,10:10:38.025,0x101,32,78 40 40 28 6C 01 1A 01 00 43 00 00 00 FF 7F 51 78 FF 7F 75 55 FF 7F FF 7F 12 3C 4C BC 22 41 1A
TX,10:10:38.052,0x300,12,40 00 40 28 1C 01 06 01 00 41 EF 7A
RX,10:10:38.073,0x101,32,79 40 40 28 6C 01 1A 01 00 43 00 00 00 FF 7F 51 78 FF 7F 75 55 FF 7F FF 7F 12 36 4C BC 1C 41 1A
TX,10:10:38.095,0x300,12,40 00 40 28 1C 01 06 01 00 41 EF 7A
RX,10:10:38.122,0x101,32,7A 40 40 28 6C 01 1A 01 00 43 00 00 00 FF 7F 51 78 FF 7F 75 55 FF 7F FF 7F 12 31 4C BC 17 41 1A
TX,10:10:38.152,0x300,12,40 00 40 28 1C 01 06 01 00 41 EF 7A
RX,10:10:38.175,0x101,32,7B 40 40 28 6C 01 1A 01 00 43 00 00 00 FF 7F 51 78 FF 7F 75 55 FF 7F FF 7F 12 2E 4C BC 14 41 1A
TX,10:10:38.198,0x300,12,40 00 40 28 1C 01 06 01 00 41 EF 7A
RX,10:10:38.219,0x101,32,7C 40 40 28 6C 01 1A 01 00 43 00 00 00 FF 7F 51 78 FF 7F 75 55 FF 7F FF 7F 12 2A 4C BC 10 41 1A
TX,10:10:38.239,0x300,12,40 00 40 28 1C 01 06 01 00 41 EF 7A
RX,10:10:38.258,0x101,32,7D 40 40 28 6C 01 1A 01 00 43 00 00 00 FF 7F 51 78 FF 7F 75 55 FF 7F FF 7F 12 27 4C BC 0D 41 1A
TX,10:10:38.284,0x300,6,40 40 40 08 04 01
TX,10:10:38.304,0x300,12,40 40 00 09 1C 01 00 01 10 42 10 20
TX,10:10:38.328,0x300,12,40 00 40 28 1C 01 06 01 00 41 EF 7A
RX,10:10:38.348,0x101,32,7E 40 40 38 6C 01 1A 01 00 43 00 00 00 FF 7F 51 78 FF 7F 75 55 FF 7F FF 7F 12 23 4C BC 09 41 1A
RX,10:10:38.369,0x101,16,7F 40 00 39 24 01 00 01 10 42 10 20 03 00 01 20
RX,10:10:38.390,0x101,32,40 40 40 28 6C 01 1A 01 00 43 00 00 00 FF 7F 51 78 FF 7F 75 55 FF 7F FF 7F 12 1F 4C BC 05 41 1A
TX,10:10:38.416,0x300,12,40 00 40 28 1C 01 06 01 00 41 EF 7A
RX,10:10:38.436,0x101,32,41 40 40 28 6C 01 1A 01 00 43 00 00 00 FF 7F 51 78 FF 7F 75 55 FF 7F FF 7F 12 1D 4C BC 03 41 1A
TX,10:10:38.461,0x300,12,40 00 40 28 1C 01 06 01 00 41 EF 7A
RX,10:10:38.484,0x101,32,42 40 40 28 6C 01 1A 01 00 43 00 00 00 FF 7F 51 78 FF 7F 75 55 FF 7F FF 7F 12 1B 4C BC 01 41 1A
TX,10:10:38.505,0x300,12,40 00 40 28 1C 01 06 01 00 41 EF 7A
RX,10:10:38.528,0x101,32,43 40 40 28 6C 01 1A 01 00 43 00 00 00 FF 7F 51 78 FF 7F 75 55 FF 7F FF 7F 12 1C 4C BC 02 41 1A
TX,10:10:38.553,0x300,12,40 00 40 28 1C 01 06 01 00 41 EF 7A
RX,10:10:38.575,0x101,32,44 40 40 28 6C 01 1A 01 00 43 00 00 00 FF 7F 51 78 FF 7F 75 55 FF 7F FF 7F 12 1A 4C BC 00 41 1A
TX,10:10:38.595,0x300,12,40 00 40 28 1C 01 06 01 00 41 EF 7A
RX,10:10:38.616,0x101,32,45 40 40 28 6C 01 1A 01 00 43 00 00 00 FF 7F 51 78 FF 7F 75 55 FF 7F FF 7F 12 19 4C BC FF 40 1A
TX,10:10:38.641,0x300,12,40 00 40 28 1C 01 06 01 00 41 EF 7A
RX,10:10:38.664,0x101,32,46 40 40 28 6C 01 1A 01 00 43 00 00 00 FF 7F 51 78 FF 7F 75 55 FF 7F FF 7F 12 19 4C BC FF 40 1A
TX,10:10:38.689,0x300,12,40 00 40 28 1C 01 06 01 00 41 EF 7A
RX,10:10:38.710,0x101,32,47 40 40 28 6C 01 1A 01 00 43 00 00 00 FF 7F 51 78 FF 7F 75 55 FF 7F FF 7F 12 1B 4C BC 01 41 1A
TX,10:10:38.731,0x300,12,40 00 40 28 1C 01 06 01 00 41 EF 7A
RX,10:10:38.750,0x101,32,48 40 40 28 6C 01 1A 01 00 43 00 00 00 FF 7F 51 78 FF 7F 75 55 FF 7F FF 7F 12 1B 4C BC 01 41 1A
TX,10:10:38.772,0x300,6,40 40 40 08 04 01
TX,10:10:38.795,0x300,12,40 40 00 09 1C 01 00 01 10 42 10 20
TX,10:10:38.816,0x300,12,40 00 40 28 1C 01 06 01 00 41 EF 7A
RX,10:10:38.837,0x101,32,49 40 40 38 6C 01 1A 01 00 43 00 00 00 FF 7F 51 78 FF 7F 75 55 FF 7F FF 7F 12 1C 4C BC 02 41 1A
RX,10:10:38.859,0x101,16,4A 40 00 39 24 01 00 01 10 42 10 20 03 00 01 20
RX,10:10:38.878,0x101,32,4B 40 40 28 6C 01 1A 01 00 43 00 00 00 FF 7F 51 78 FF 7F 75 55 FF 7F FF 7F 12 1A 4C BC 00 41 1A
TX,10:10:38.907,0x300,12,40 00 40 28 1C 01 06 01 00 41 EF 7A
RX,10:10:38.930,0x101,32,4C 40 40 28 6C 01 1A 01 00 43 00 00 00 FF 7F 51 78 FF 7F 75 55 FF 7F FF 7F 12 1B 4C BC 01 41 1A
TX,10:10:38.954,0x300,12,40 00 40 28 1C 01 06 01 00 41 EF 7A
RX,10:10:38.974,0x101,32,4D 40 40 28 6C 01 1A 01 00 43 00 00 00 FF 7F 51 78 FF 7F 75 55 FF 7F FF 7F 12 1A 4C BC 00 41 1A
TX,10:10:38.994,0x300,12,40 00 40 28 1C 01 06 01 00 41 EF 7A
RX,10:10:39.013,0x101,32,4E 40 40 28 6C 01 1A 01 00 43 00 00 00 FF 7F 51 78 FF 7F 75 55 FF 7F FF 7F 12 19 4C BC FF 40 1A
TX,10:10:39.036,0x300,12,40 00 40 28 1C 01 06 01 00 41 EF 7A
RX,10:10:39.057,0x101,32,4F 40 40 28 6C 01 1A 01 00 43 00 00 00 FF 7F 51 78 FF 7F 75 55 FF 7F FF 7F 12 19 4C BC FF 40 1A
TX,10:10:39.078,0x300,12,40 00 40 28 1C 01 06 01 00 41 EF 7A
RX,10:10:39.100,0x101,32,50 40 40 28 6C 01 1A 01 00 43 00 00 00 FF 7F 51 78 FF 7F 75 55 FF 7F FF 7F 12 18 4C BC FE 40 1A
TX,10:10:39.123,0x300,12,40 00 40 28 1C 01 06 01 00 41 EF 7A
RX,10:10:39.148,0x101,32,51 40 40 28 6C 01 1A 01 00 43 00 00 00 FF 7F 51 78 FF 7F 75 55 FF 7F FF 7F 12 18 4C BC FE 40 1A
TX,10:10:39.173,0x300,12,40 00 40 28 1C 01 06 01 00 41 EF 7A
RX,10:10:39.195,0x101,32,52 40 40 28 6C 01 1A 01 00 43 00 00 00 FF 7F 51 78 FF 7F 75 55 FF 7F FF 7F 12 18 4C BC FE 40 1A
TX,10:10:39.215,0x300,12,40 00 40 28 1C 01 06 01 00 41 EF 7A
RX,10:10:39.234,0x101,32,53 40 40 28 6C 01 1A 01 00 43 00 00 00 FF 7F 51 78 FF 7F 75 55 FF 7F FF 7F 12 18 4C BC FE 40 1A
TX,10:10:39.257,0x300,12,40 00 40 28 1C 01 06 01 00 41 EF 7A
RX,10:10:39.280,0x101,32,54 40 40 28 6C 01 1A 01 00 43 00 00 00 FF 7F 51 78 FF 7F 75 55 FF 7F FF 7F 12 17 4C BC FD 40 1A
TX,10:10:39.307,0x300,6,40 40 40 08 04 01
TX,10:10:39.328,0x300,12,40 40 00 09 1C 01 00 01 10 42 10 20
TX,10:10:39.349,0x300,12,40 00 40 28 1C 01 06 01 00 41 EF 7A
RX,10:10:39.370,0x101,32,55 40 40 38 6C 01 1A 01 00 43 00 00 00 FF 7F 51 78 FF 7F 75 55 FF 7F FF 7F 12 16 4C BC FC 40 1A
RX,10:10:39.389,0x101,16,56 40 00 39 24 01 00 01 10 42 10 20 03 00 01 20
RX,10:10:39.409,0x101,32,57 40 40 28 6C 01 1A 01 00 43 00 00 00 FF 7F 51 78 FF 7F 75 55 FF 7F FF 7F 12 17 4C BC FD 40 1A
TX,10:10:39.432,0x300,12,40 00 40 28 1C 01 06 01 00 41 EF 7A
RX,10:10:39.456,0x101,32,58 40 40 28 6C 01 1A 01 00 43 00 00 00 FF 7F 51 78 FF 7F 75 55 FF 7F FF 7F 12 1A 4C BC 00 41 1A
TX,10:10:39.479,0x300,12,40 00 40 28 1C 01 06 01 00 41 EF 7A
RX,10:10:39.502,0x101,32,59 40 40 28 6C 01 1A 01 00 43 00 00 00 FF 7F 51 78 FF 7F 75 55 FF 7F FF 7F 12 19 4C BC FF 40 1A
TX,10:10:39.526,0x300,12,40 00 40 28 1C 01 06 01 00 41 EF 7A
RX,10:10:39.547,0x101,32,5A 40 40 28 6C 01 1A 01 00 43 00 00 00 FF 7F 51 78 FF 7F 75 55 FF 7F FF 7F 12 18 4C BC FE 40 1A
TX,10:10:39.567,0x300,12,40 00 40 28 1C 01 06 01 00 41 EF 7A
RX,10:10:39.587,0x101,32,5B 40 40 28 6C 01 1A 01 00 43 00 00 00 FF 7F 51 78 FF 7F 75 55 FF 7F FF 7F 12 18 4C BC FE 40 1A
TX,10:10:39.610,0x300,12,40 00 40 28 1C 01 06 01 00 41 EF 7A
RX,10:10:39.633,0x101,32,5C 40 40 28 6C 01 1A 01 00 43 00 00 00 FF 7F 51 78 FF 7F 75 55 FF 7F FF 7F 12 18 4C BC FE 40 1A
TX,10:10:39.656,0x300,12,40 00 40 28 1C 01 06 01 00 41 EF 7A
RX,10:10:39.678,0x101,32,5D 40 40 28 6C 01 1A 01 00 43 00 00 00 FF 7F 51 78 FF 7F 75 55 FF 7F FF 7F 12 17 4C BC FD 40 1A
TX,10:10:39.701,0x300,12,40 00 40 28 1C 01 06 01 00 41 EF 7A
RX,10:10:39.720,0x101,32,5E 40 40 28 6C 01 1A 01 00 43 00 00 00 FF 7F 51 78 FF 7F 75 55 FF 7F FF 7F 12 17 4C BC FD 40 1A
TX,10:10:39.745,0x300,12,40 00 40 28 1C 01 06 01 00 41 EF 7A
RX,10:10:39.768,0x101,32,5F 40 40 28 6C 01 1A 01 00 43 00 00 00 FF 7F 51 78 FF 7F 75 55 FF 7F FF 7F 12 17 4C BC FD 40 1A
TX,10:10:39.788,0x300,6,40 40 40 08 04 01
TX,10:10:39.810,0x300,12,40 40 00 09 1C 01 00 01 10 42 10 20
TX,10:10:39.831,0x300,12,40 00 40 28 1C 01 06 01 00 41 EF 7A
RX,10:10:39.852,0x101,32,60 40 40 38 6C 01 1A 01 00 43 00 00 00 FF 7F 51 78 FF 7F 75 55 FF 7F FF 7F 12 17 4C BC FD 40 1A
RX,10:10:39.874,0x101,16,61 40 00 39 24 01 00 01 10 42 10 20 03 00 01 20
RX,10:10:39.895,0x101,32,62 40 40 28 6C 01 1A 01 00 43 00 00 00 FF 7F 51 78 FF 7F 75 55 FF 7F FF 7F 12 17 4C BC FD 40 1A
TX,10:10:39.927,0x300,12,40 00 40 28 1C 01 06 01 00 41 EF 7A
RX,10:10:39.948,0x101,32,63 40 40 28 6C 01 1A 01 00 43 00 00 00 FF 7F 51 78 FF 7F 75 55 FF 7F FF 7F 12 19 4C BC FF 40 1A
TX,10:10:39.974,0x300,12,40 00 40 28 1C 01 06 01 00 41 EF 7A
RX,10:10:39.995,0x101,32,64 40 40 28 6C 01 1A 01 00 43 00 00 00 FF 7F 51 78 FF 7F 75 55 FF 7F FF 7F 12 19 4C BC FF 40 1A
TX,10:10:40.017,0x300,12,40 00 40 28 1C 01 06 01 00 41 EF 7A
RX,10:10:40.037,0x101,32,65 40 40 28 6C 01 1A 01 00 43 00 00 00 FF 7F 51 78 FF 7F 75 55 FF 7F FF 7F 12 19 4C BC FF 40 1A
TX,10:10:40.062,0x300,12,40 00 40 28 1C 01 06 01 00 41 EF 7A
RX,10:10:40.085,0x101,32,66 40 40 28 6C 01 1A 01 00 43 00 00 00 FF 7F 51 78 FF 7F 75 55 FF 7F FF 7F 12 19 4C BC FF 40 1A
TX,10:10:40.106,0x300,12,40 00 40 28 1C 01 06 01 00 41 EF 7A
RX,10:10:40.126,0x101,32,67 40 40 28 6C 01 1A 01 00 43 00 00 00 FF 7F 51 78 FF 7F 75 55 FF 7F FF 7F 12 19 4C BC FF 40 1A
TX,10:10:40.152,0x300,12,40 00 40 28 1C 01 06 01 00 41 EF 7A
RX,10:10:40.174,0x101,32,68 40 40 28 6C 01 1A 01 00 43 00 00 00 FF 7F 51 78 FF 7F 75 55 FF 7F FF 7F 12 18 4C BC FE 40 1A
TX,10:10:40.193,0x300,12,40 00 40 28 1C 01 06 01 00 41 EF 7A
RX,10:10:40.215,0x101,32,69 40 40 28 6C 01 1A 01 00 43 00 00 00 FF 7F 51 78 FF 7F 75 55 FF 7F FF 7F 12 18 4C BC FE 40 1A
TX,10:10:40.240,0x300,12,40 00 40 28 1C 01 06 01 00 41 EF 7A
RX,10:10:40.259,0x101,32,6A 40 40 28 6C 01 1A 01 00 43 00 00 00 FF 7F 51 78 FF 7F 75 55 FF 7F FF 7F 12 19 4C BC FF 40 1A
TX,10:10:40.279,0x300,6,40 40 40 08 04 01
TX,10:10:40.301,0x300,12,40 40 00 09 1C 01 00 01 10 42 10 20
TX,10:10:40.321,0x300,12,40 00 40 28 1C 01 06 01 00 41 EF 7A
RX,10:10:40.342,0x101,32,6B 40 40 38 6C 01 1A 01 00 43 00 00 00 FF 7F 51 78 FF 7F 75 55 FF 7F FF 7F 12 19 4C BC FF 40 1A
RX,10:10:40.362,0x101,16,6C 40 00 39 24 01 00 01 10 42 10 20 03 00 01 20
RX,10:10:40.383,0x101,32,6D 40 40 28 6C 01 1A 01 00 43 00 00 00 FF 7F 51 78 FF 7F 75 55 FF 7F FF 7F 12 19 4C BC FF 40 1A
TX,10:10:40.407,0x300,12,40 00 40 28 1C 01 06 01 00 41 EF 7A
RX,10:10:40.428,0x101,32,6E 40 40 28 6C 01 1A 01 00 43 00 00 00 FF 7F 51 78 FF 7F 75 55 FF 7F FF 7F 12 19 4C BC FF 40 1A
TX,10:10:40.453,0x300,12,40 00 40 28 1C 01 06 01 00 41 EF 7A
RX,10:10:40.478,0x101,32,6F 40 40 28 6C 01 1A 01 00 43 00 00 00 FF 7F 51 78 FF 7F 75 55 FF 7F FF 7F 12 1A 4C BC 00 41 1A
TX,10:10:40.498,0x300,12,40 00 40 28 1C 01 06 01 00 41 EF 7A
RX,10:10:40.522,0x101,32,70 40 40 28 6C 01 1A 01 00 43 00 00 00 FF 7F 51 78 FF 7F 75 55 FF 7F FF 7F 12 1A 4C BC 00 41 1A
TX,10:10:40.545,0x300,12,40 00 40 28 1C 01 06 01 00 41 EF 7A
RX,10:10:40.567,0x101,32,71 40 40 28 6C 01 1A 01 00 43 00 00 00 FF 7F 51 78 FF 7F 75 55 FF 7F FF 7F 12 1A 4C BC 00 41 1A
TX,10:10:40.592,0x300,12,40 00 40 28 1C 01 06 01 00 41 EF 7A
RX,10:10:40.611,0x101,32,72 40 40 28 6C 01 1A 01 00 43 00 00 00 FF 7F 51 78 FF 7F 75 55 FF 7F FF 7F 12 19 4C BC FF 40 1A
TX,10:10:40.636,0x300,12,40 00 40 28 1C 01 06 01 00 41 EF 7A
RX,10:10:40.660,0x101,32,73 40 40 28 6C 01 1A 01 00 43 00 00 00 FF 7F 51 78 FF 7F 75 55 FF 7F FF 7F 12 18 4C BC FE 40 1A
TX,10:10:40.683,0x300,12,40 00 40 28 1C 01 06 01 00 41 EF 7A
RX,10:10:40.706,0x101,32,74 40 40 28 6C 01 1A 01 00 43 00 00 00 FF 7F 51 78 FF 7F 75 55 FF 7F FF 7F 12 17 4C BC FD 40 1A
TX,10:10:40.726,0x300,12,40 00 40 28 1C 01 06 01 00 41 EF 7A
RX,10:10:40.745,0x101,32,75 40 40 28 6C 01 1A 01 00 43 00 00 00 FF 7F 51 78 FF 7F 75 55 FF 7F FF 7F 12 16 4C BC FC 40 1A
TX,10:10:40.767,0x300,6,40 40 40 08 04 01
TX,10:10:40.786,0x300,12,40 40 00 09 1C 01 00 01 10 42 10 20
TX,10:10:40.807,0x300,12,40 00 40 28 1C 01 06 01 00 41 EF 7A
RX,10:10:40.826,0x101,32,76 40 40 38 6C 01 1A 01 00 43 00 00 00 FF 7F 51 78 FF 7F 75 55 FF 7F FF 7F 12 15 4C BC FB 40 1A
RX,10:10:40.847,0x101,16,77 40 00 39 24 01 00 01 10 42 10 20 03 00 01 20
RX,10:10:40.867,0x101,32,78 40 40 28 6C 01 1A 01 00 43 00 00 00 FF 7F 51 78 FF 7F 75 55 FF 7F FF 7F 12 14 4C BC FA 40 1A
TX,10:10:40.894,0x300,12,40 00 40 28 1C 01 06 01 00 41 EF 7A
RX,10:10:40.914,0x101,32,79 40 40 28 6C 01 1A 01 00 43 00 00 00 FF 7F 51 78 FF 7F 75 55 FF 7F FF 7F 12 14 4C BC FA 40 1A
TX,10:10:40.937,0x300,12,40 00 40 28 1C 01 06 01 00 41 EF 7A
RX,10:10:40.959,0x101,32,7A 40 40 28 6C 01 1A 01 00 43 00 00 00 FF 7F 51 78 FF 7F 75 55 FF 7F FF 7F 12 14 4C BC FA 40 1A
TX,10:10:40.984,0x300,12,40 00 40 28 1C 01 06 01 00 41 EF 7A
RX,10:10:41.009,0x101,32,7B 40 40 28 6C 01 1A 01 00 43 00 00 00 FF 7F 51 78 FF 7F 75 55 FF 7F FF 7F 12 14 4C BC FA 40 1A
TX,10:10:41.032,0x300,12,40 00 40 28 1C 01 06 01 00 41 EF 7A
RX,10:10:41.056,0x101,32,7C 40 40 28 6C 01 1A 01 00 43 00 00 00 FF 7F 51 78 FF 7F 75 55 FF 7F FF 7F 12 14 4C BC FA 40 1A
TX,10:10:41.076,0x300,12,40 00 40 28 1C 01 06 01 00 41 EF 7A
RX,10:10:41.099,0x101,32,7D 40 40 28 6C 01 1A 01 00 43 00 00 00 FF 7F 51 78 FF 7F 75 55 FF 7F FF 7F 12 14 4C BC FA 40 1A
TX,10:10:41.122,0x300,12,40 00 40 28 1C 01 06 01 00 41 EF 7A
RX,10:10:41.143,0x101,32,7E 40 40 28 6C 01 1A 01 00 43 00 00 00 FF 7F 51 78 FF 7F 75 55 FF 7F FF 7F 12 14 4C BC FA 40 1A
TX,10:10:41.166,0x300,12,40 00 40 28 1C 01 06 01 00 41 EF 7A
RX,10:10:41.189,0x101,32,7F 40 40 28 6C 01 1A 01 00 43 00 00 00 FF 7F 51 78 FF 7F 75 55 FF 7F FF 7F 12 15 4C BC FB 40 1A
TX,10:10:41.209,0x300,12,40 00 40 28 1C 01 06 01 00 41 EF 7A
RX,10:10:41.230,0x101,32,40 40 40 28 6C 01 1A 01 00 43 00 00 00 FF 7F 51 78 FF 7F 75 55 FF 7F FF 7F 12 15 4C BC FB 40 1A
TX,10:10:41.254,0x300,12,40 00 40 28 1C 01 06 01 00 41 EF 7A
RX,10:10:41.277,0x101,32,41 40 40 28 6C 01 1A 01 00 43 00 00 00 FF 7F 51 78 FF 7F 75 55 FF 7F FF 7F 12 15 4C BC FB 40 1A
TX,10:10:41.299,0x300,6,40 40 40 08 04 01
TX,10:10:41.320,0x300,12,40 40 00 09 1C 01 00 01 10 42 10 20
TX,10:10:41.342,0x300,12,40 00 40 28 1C 01 06 01 00 41 EF 7A
RX,10:10:41.363,0x101,32,42 40 40 38 6C 01 1A 01 00 43 00 00 00 FF 7F 51 78 FF 7F 75 55 FF 7F FF 7F 12 15 4C BC FB 40 1A
RX,10:10:41.384,0x101,16,43 40 00 39 24 01 00 01 10 42 10 20 03 00 01 20
RX,10:10:41.410,0x101,32,44 40 40 28 6C 01 1A 01 00 43 00 00 00 FF 7F 51 78 FF 7F 75 55 FF 7F FF 7F 12 15 4C BC FB 40 1A
TX,10:10:41.433,0x300,12,40 00 40 28 1C 01 06 01 00 41 EF 7A
RX,10:10:41.454,0x101,32,45 40 40 28 6C 01 1A 01 00 43 00 00 00 FF 7F 51 78 FF 7F 75 55 FF 7F FF 7F 12 15 4C BC FB 40 1A
TX,10:10:41.479,0x300,12,40 00 40 28 1C 01 06 01 00 41 EF 7A
RX,10:10:41.501,0x101,32,46 40 40 28 6C 01 1A 01 00 43 00 00 00 FF 7F 51 78 FF 7F 75 55 FF 7F FF 7F 12 14 4C BC FA 40 1A
TX,10:10:41.522,0x300,12,40 00 40 28 1C 01 06 01 00 41 EF 7A
RX,10:10:41.547,0x101,32,47 40 40 28 6C 01 1A 01 00 43 00 00 00 FF 7F 51 78 FF 7F 75 55 FF 7F FF 7F 12 14 4C BC FA 40 1A
TX,10:10:41.570,0x300,12,40 00 40 28 1C 01 06 01 00 41 EF 7A
RX,10:10:41.589,0x101,32,48 40 40 28 6C 01 1A 01 00 43 00 00 00 FF 7F 51 78 FF 7F 75 55 FF 7F FF 7F 12 13 4C BC F9 40 1A
TX,10:10:41.614,0x300,12,40 00 40 28 1C 01 06 01 00 41 EF 7A
RX,10:10:41.635,0x101,32,49 40 40 28 6C 01 1A 01 00 43 00 00 00 FF 7F 51 78 FF 7F 75 55 FF 7F FF 7F 12 12 4C BC F8 40 1A
TX,10:10:41.662,0x300,12,40 00 40 28 1C 01 06 01 00 41 EF 7A
RX,10:10:41.685,0x101,32,4A 40 40 28 6C 01 1A 01 00 43 00 00 00 FF 7F 51 78 FF 7F 75 55 FF 7F FF 7F 12 12 4C BC F8 40 1A
TX,10:10:41.706,0x300,12,40 00 40 28 1C 01 06 01 00 41 EF 7A
RX,10:10:41.729,0x101,32,4B 40 40 28 6C 01 1A 01 00 43 00 00 00 FF 7F 51 78 FF 7F 75 55 FF 7F FF 7F 12 12 4C BC F8 40 1A
TX,10:10:41.752,0x300,12,40 00 40 28 1C 01 06 01 00 41 EF 7A
RX,10:10:41.773,0x101,32,4C 40 40 28 6C 01 1A 01 00 43 00 00 00 FF 7F 51 78 FF 7F 75 55 FF 7F FF 7F 12 12 4C BC F8 40 1A
TX,10:10:41.793,0x300,6,40 40 40 08 04 01
TX,10:10:41.814,0x300,12,40 40 00 09 1C 01 00 01 10 42 10 20
TX,10:10:41.835,0x300,12,40 00 40 28 1C 01 06 01 00 41 EF 7A
RX,10:10:41.857,0x101,32,4D 40 40 38 6C 01 1A 01 00 43 00 00 00 FF 7F 51 78 FF 7F 75 55 FF 7F FF 7F 12 12 4C BC F8 40 1A
RX,10:10:41.877,0x101,16,4E 40 00 39 24 01 00 01 10 42 10 20 03 00 01 20
RX,10:10:41.897,0x101,32,4F 40 40 28 6C 01 1A 01 00 43 00 00 00 FF 7F 51 78 FF 7F 75 55 FF 7F FF 7F 12 11 4C BC F7 40 1A
TX,10:10:41.921,0x300,12,40 00 40 28 1C 01 06 01 00 41 EF 7A
RX,10:10:41.944,0x101,32,50 40 40 28 6C 01 1A 01 00 43 00 00 00 FF 7F 51 78 FF 7F 75 55 FF 7F FF 7F 12 11 4C BC F7 40 1A
TX,10:10:41.971,0x300,12,40 00 40 28 1C 01 06 01 00 41 EF 7A
RX,10:10:41.991,0x101,32,51 40 40 28 6C 01 1A 01 00 43 00 00 00 FF 7F 51 78 FF 7F 75 55 FF 7F FF 7F 12 11 4C BC F7 40 1A
TX,10:10:42.011,0x300,12,40 00 40 28 1C 01 06 01 00 41 EF 7A
RX,10:10:42.032,0x101,32,52 40 40 28 6C 01 1A 01 00 43 00 00 00 FF 7F 51 78 FF 7F 75 55 FF 7F FF 7F 12 10 4C BC F6 40 1A
TX,10:10:42.057,0x300,12,40 00 40 28 1C 01 06 01 00 41 EF 7A
RX,10:10:42.078,0x101,32,53 40 40 28 6C 01 1A 01 00 43 00 00 00 FF 7F 51 78 FF 7F 75 55 FF 7F FF 7F 12 11 4C BC F7 40 1A
TX,10:10:42.099,0x300,12,40 00 40 28 1C 01 06 01 00 41 EF 7A
RX,10:10:42.119,0x101,32,54 40 40 28 6C 01 1A 01 00 43 00 00 00 FF 7F 51 78 FF 7F 75 55 FF 7F FF 7F 12 11 4C BC F7 40 1A
TX,10:10:42.142,0x300,12,40 00 40 28 1C 01 06 01 00 41 EF 7A
RX,10:10:42.165,0x101,32,55 40 40 28 6C 01 1A 01 00 43 00 00 00 FF 7F 51 78 FF 7F 75 55 FF 7F FF 7F 12 11 4C BC F7 40 1A
TX,10:10:42.188,0x300,12,40 00 40 28 1C 01 06 01 00 41 EF 7A
RX,10:10:42.210,0x101,32,56 40 40 28 6C 01 1A 01 00 43 00 00 00 FF 7F 51 78 FF 7F 75 55 FF 7F FF 7F 12 11 4C BC F7 40 1A
TX,10:10:42.232,0x300,12,40 00 40 28 1C 01 06 01 00 41 EF 7A
RX,10:10:42.251,0x101,32,57 40 40 28 6C 01 1A 01 00 43 00 00 00 FF 7F 51 78 FF 7F 75 55 FF 7F FF 7F 12 11 4C BC F7 40 1A
TX,10:10:42.272,0x300,6,40 40 40 08 04 01
TX,10:10:42.292,0x300,12,40 40 00 09 1C 01 00 01 10 42 10 20
TX,10:10:42.315,0x300,12,40 00 40 28 1C 01 06 01 00 41 EF 7A
RX,10:10:42.338,0x101,32,58 40 40 38 6C 01 1A 01 00 43 00 00 00 FF 7F 51 78 FF 7F 75 55 FF 7F FF 7F 12 11 4C BC F7 40 1A
RX,10:10:42.360,0x101,16,59 40 00 39 24 01 00 01 10 42 10 20 03 00 01 20
RX,10:10:42.381,0x101,32,5A 40 40 28 6C 01 1A 01 00 43 00 00 00 FF 7F 51 78 FF 7F 75 55 FF 7F FF 7F 12 11 4C BC F7 40 1A
TX,10:10:42.417,0x300,12,40 00 40 28 1C 01 06 01 00 41 EF 7A
RX,10:10:42.441,0x101,32,5B 40 40 28 6C 01 1A 01 00 43 00 00 00 FF 7F 51 78 FF 7F 75 55 FF 7F FF 7F 12 11 4C BC F7 40 1A
TX,10:10:42.471,0x300,12,40 00 40 28 1C 01 06 01 00 41 EF 7A
RX,10:10:42.494,0x101,32,5C 40 40 28 6C 01 1A 01 00 43 00 00 00 FF 7F 51 78 FF 7F 75 55 FF 7F FF 7F 12 11 4C BC F7 40 1A
TX,10:10:42.515,0x300,12,40 00 40 28 1C 01 06 01 00 41 EF 7A
RX,10:10:42.540,0x101,32,5D 40 40 28 6C 01 1A 01 00 43 00 00 00 FF 7F 51 78 FF 7F 75 55 FF 7F FF 7F 12 10 4C BC F6 40 1A
TX,10:10:42.566,0x300,12,40 00 40 28 1C 01 06 01 00 41 EF 7A
RX,10:10:42.588,0x101,32,5E 40 40 28 6C 01 1A 01 00 43 00 00 00 FF 7F 51 78 FF 7F 75 55 FF 7F FF 7F 12 10 4C BC F6 40 1A
TX,10:10:42.613,0x300,12,40 00 40 28 1C 01 06 01 00 41 EF 7A
RX,10:10:42.632,0x101,32,5F 40 40 28 6C 01 1A 01 00 43 00 00 00 FF 7F 51 78 FF 7F 75 55 FF 7F FF 7F 12 10 4C BC F6 40 1A
TX,10:10:42.657,0x300,12,40 00 40 28 1C 01 06 01 00 41 EF 7A
RX,10:10:42.680,0x101,32,60 40 40 28 6C 01 1A 01 00 43 00 00 00 FF 7F 51 78 FF 7F 75 55 FF 7F FF 7F 12 10 4C BC F6 40 1A
TX,10:10:42.703,0x300,12,40 00 40 28 1C 01 06 01 00 41 EF 7A
RX,10:10:42.725,0x101,32,61 40 40 28 6C 01 1A 01 00 43 00 00 00 FF 7F 51 78 FF 7F 75 55 FF 7F FF 7F 12 10 4C BC F6 40 1A
TX,10:10:42.759,0x300,6,40 40 40 08 04 01
TX,10:10:42.782,0x300,12,40 40 00 09 1C 01 00 01 10 42 10 20
TX,10:10:42.811,0x300,12,40 00 40 28 1C 01 06 01 00 41 EF 7A
RX,10:10:42.834,0x101,32,62 40 40 38 6C 01 1A 01 00 43 00 00 00 FF 7F 51 78 FF 7F 75 55 FF 7F FF 7F 12 11 4C BC F7 40 1A
RX,10:10:42.861,0x101,16,63 40 00 39 24 01 00 01 10 42 10 20 03 00 01 20
RX,10:10:42.883,0x101,32,64 40 40 28 6C 01 1A 01 00 43 00 00 00 FF 7F 51 78 FF 7F 75 55 FF 7F FF 7F 12 11 4C BC F7 40 1A
TX,10:10:42.912,0x300,12,40 00 40 28 1C 01 06 01 00 41 EF 7A
RX,10:10:42.932,0x101,32,65 40 40 28 6C 01 1A 01 00 43 00 00 00 FF 7F 51 78 FF 7F 75 55 FF 7F FF 7F 12 12 4C BC F8 40 1A
TX,10:10:42.959,0x300,12,40 00 40 28 1C 01 06 01 00 41 EF 7A
RX,10:10:42.979,0x101,32,66 40 40 28 6C 01 1A 01 00 43 00 00 00 FF 7F 51 78 FF 7F 75 55 FF 7F FF 7F 12 12 4C BC F8 40 1A
TX,10:10:42.998,0x300,12,40 00 40 28 1C 01 06 01 00 41 EF 7A
RX,10:10:43.018,0x101,32,67 40 40 28 6C 01 1A 01 00 43 00 00 00 FF 7F 51 78 FF 7F 75 55 FF 7F FF 7F 12 12 4C BC F8 40 1A
TX,10:10:43.042,0x300,12,40 00 40 28 1C 01 06 01 00 41 EF 7A
RX,10:10:43.064,0x101,32,68 40 40 28 6C 01 1A 01 00 43 00 00 00 FF 7F 51 78 FF 7F 75 55 FF 7F FF 7F 12 12 4C BC F8 40 1A
TX,10:10:43.088,0x300,12,40 00 40 28 1C 01 06 01 00 41 EF 7A
RX,10:10:43.112,0x101,32,69 40 40 28 6C 01 1A 01 00 43 00 00 00 FF 7F 51 78 FF 7F 75 55 FF 7F FF 7F 12 12 4C BC F8 40 1A
TX,10:10:43.144,0x300,12,40 00 40 28 1C 01 06 01 00 41 EF 7A
RX,10:10:43.168,0x101,32,6A 40 40 28 6C 01 1A 01 00 43 00 00 00 FF 7F 51 78 FF 7F 75 55 FF 7F FF 7F 12 12 4C BC F8 40 1A
TX,10:10:43.202,0x300,12,40 00 40 28 1C 01 06 01 00 41 EF 7A
RX,10:10:43.227,0x101,32,6B 40 40 28 6C 01 1A 01 00 43 00 00 00 FF 7F 51 78 FF 7F 75 55 FF 7F FF 7F 12 12 4C BC F8 40 1A
TX,10:10:43.250,0x300,12,40 00 40 28 1C 01 06 01 00 41 EF 7A
RX,10:10:43.272,0x101,32,6C 40 40 28 6C 01 1A 01 00 43 00 00 00 FF 7F 51 78 FF 7F 75 55 FF 7F FF 7F 12 12 4C BC F8 40 1A
TX,10:10:43.310,0x300,6,40 40 40 08 04 01
TX,10:10:43.335,0x300,12,40 40 00 09 1C 01 00 01 10 42 10 20
TX,10:10:43.366,0x300,12,40 00 40 28 1C 01 06 01 00 41 EF 7A
RX,10:10:43.389,0x101,32,6D 40 40 38 6C 01 1A 01 00 43 00 00 00 FF 7F 51 78 FF 7F 75 55 FF 7F FF 7F 12 14 4C BC FA 40 1A
RX,10:10:43.414,0x101,16,6E 40 00 39 24 01 00 01 10 42 10 20 03 00 01 20
RX,10:10:43.436,0x101,32,6F 40 40 28 6C 01 1A 01 00 43 00 00 00 FF 7F 51 78 FF 7F 75 55 FF 7F FF 7F 12 14 4C BC FA 40 1A
TX,10:10:43.465,0x300,12,40 00 40 28 1C 01 06 01 00 41 EF 7A
RX,10:10:43.489,0x101,32,70 40 40 28 6C 01 1A 01 00 43 00 00 00 FF 7F 51 78 FF 7F 75 55 FF 7F FF 7F 12 15 4C BC FB 40 1A
TX,10:10:43.513,0x300,12,40 00 40 28 1C 01 06 01 00 41 EF 7A
RX,10:10:43.534,0x101,32,71 40 40 28 6C 01 1A 01 00 43 00 00 00 FF 7F 51 78 FF 7F 75 55 FF 7F FF 7F 12 15 4C BC FB 40 1A
TX,10:10:43.560,0x300,12,40 00 40 28 1C 01 06 01 00 41 EF 7A
RX,10:10:43.585,0x101,32,72 40 40 28 6C 01 1A 01 00 43 00 00 00 FF 7F 51 78 FF 7F 75 55 FF 7F FF 7F 12 15 4C BC FB 40 1A
TX,10:10:43.609,0x300,12,40 00 40 28 1C 01 06 01 00 41 EF 7A
RX,10:10:43.635,0x101,32,73 40 40 28 6C 01 1A 01 00 43 00 00 00 FF 7F 51 78 FF 7F 75 55 FF 7F FF 7F 12 14 4C BC FA 40 1A
TX,10:10:43.663,0x300,12,40 00 40 28 1C 01 06 01 00 41 EF 7A
RX,10:10:43.686,0x101,32,74 40 40 28 6C 01 1A 01 00 43 00 00 00 FF 7F 51 78 FF 7F 75 55 FF 7F FF 7F 12 14 4C BC FA 40 1A
TX,10:10:43.711,0x300,12,40 00 40 28 1C 01 06 01 00 41 EF 7A
RX,10:10:43.733,0x101,32,75 40 40 28 6C 01 1A 01 00 43 00 00 00 FF 7F 51 78 FF 7F 75 55 FF 7F FF 7F 12 14 4C BC FA 40 1A
TX,10:10:43.762,0x300,12,40 00 40 28 1C 01 06 01 00 41 EF 7A
RX,10:10:43.786,0x101,32,76 40 40 28 6C 01 1A 01 00 43 00 00 00 FF 7F 51 78 FF 7F 75 55 FF 7F FF 7F 12 14 4C BC FA 40 1A
TX,10:10:43.810,0x300,6,40 40 40 08 04 01
TX,10:10:43.835,0x300,12,40 40 00 09 1C 01 00 01 10 42 10 20
TX,10:10:43.862,0x300,12,40 00 40 28 1C 01 06 01 00 41 EF 7A
RX,10:10:43.885,0x101,32,77 40 40 38 6C 01 1A 01 00 43 00 00 00 FF 7F 51 78 FF 7F 75 55 FF 7F FF 7F 12 14 4C BC FA 40 1A
RX,10:10:43.908,0x101,16,78 40 00 39 24 01 00 01 10 42 10 20 03 00 01 20
RX,10:10:43.929,0x101,32,79 40 40 28 6C 01 1A 01 00 43 00 00 00 FF 7F 51 78 FF 7F 75 55 FF 7F FF 7F 12 14 4C BC FA 40 1A
TX,10:10:43.955,0x300,12,40 00 40 28 1C 01 06 01 00 41 EF 7A
RX,10:10:43.977,0x101,32,7A 40 40 28 6C 01 1A 01 00 43 00 00 00 FF 7F 51 78 FF 7F 75 55 FF 7F FF 7F 12 14 4C BC FA 40 1A
TX,10:10:44.001,0x300,12,40 00 40 28 1C 01 06 01 00 41 EF 7A
RX,10:10:44.022,0x101,32,7B 40 40 28 6C 01 1A 01 00 43 00 00 00 FF 7F 51 78 FF 7F 75 55 FF 7F FF 7F 12 15 4C BC FB 40 1A
TX,10:10:44.048,0x300,12,40 00 40 28 1C 01 06 01 00 41 EF 7A
RX,10:10:44.069,0x101,32,7C 40 40 28 6C 01 1A 01 00 43 00 00 00 FF 7F 51 78 FF 7F 75 55 FF 7F FF 7F 12 15 4C BC FB 40 1A
TX,10:10:44.091,0x300,12,40 00 40 28 1C 01 06 01 00 41 EF 7A
RX,10:10:44.115,0x101,32,7D 40 40 28 6C 01 1A 01 00 43 00 00 00 FF 7F 51 78 FF 7F 75 55 FF 7F FF 7F 12 15 4C BC FB 40 1A
TX,10:10:44.141,0x300,12,40 00 40 28 1C 01 06 01 00 41 EF 7A
RX,10:10:44.163,0x101,32,7E 40 40 28 6C 01 1A 01 00 43 00 00 00 FF 7F 51 78 FF 7F 75 55 FF 7F FF 7F 12 15 4C BC FB 40 1A
TX,10:10:44.187,0x300,12,40 00 40 28 1C 01 06 01 00 41 EF 7A
RX,10:10:44.212,0x101,32,7F 40 40 28 6C 01 1A 01 00 43 00 00 00 FF 7F 51 78 FF 7F 75 55 FF 7F FF 7F 12 14 4C BC FA 40 1A
TX,10:10:44.235,0x300,12,40 00 40 28 1C 01 06 01 00 41 EF 7A
RX,10:10:44.255,0x101,32,40 40 40 28 6C 01 1A 01 00 43 00 00 00 FF 7F 51 78 FF 7F 75 55 FF 7F FF 7F 12 14 4C BC FA 40 1A
TX,10:10:44.279,0x300,6,40 40 40 08 04 01
TX,10:10:44.302,0x300,12,40 40 00 09 1C 01 00 01 10 42 10 20
TX,10:10:44.321,0x300,12,40 00 40 28 1C 01 06 01 00 41 EF 7A
RX,10:10:44.341,0x101,32,41 40 40 38 6C 01 1A 01 00 43 00 00 00 FF 7F 51 78 FF 7F 75 55 FF 7F FF 7F 12 15 4C BC FB 40 1A
RX,10:10:44.361,0x101,16,42 40 00 39 24 01 00 01 10 42 10 20 03 00 01 20
RX,10:10:44.383,0x101,32,43 40 40 28 6C 01 1A 01 00 43 00 00 00 FF 7F 51 78 FF 7F 75 55 FF 7F FF 7F 12 15 4C BC FB 40 1A
TX,10:10:44.408,0x300,12,40 00 40 28 1C 01 06 01 00 41 EF 7A
RX,10:10:44.427,0x101,32,44 40 40 28 6C 01 1A 01 00 43 00 00 00 FF 7F 51 78 FF 7F 75 55 FF 7F FF 7F 12 15 4C BC FB 40 1A
TX,10:10:44.450,0x300,12,40 00 40 28 1C 01 06 01 00 41 EF 7A
RX,10:10:44.471,0x101,32,45 40 40 28 6C 01 1A 01 00 43 00 00 00 FF 7F 51 78 FF 7F 75 55 FF 7F FF 7F 12 14 4C BC FA 40 1A
TX,10:10:44.492,0x300,12,40 00 40 28 1C 01 06 01 00 41 EF 7A
RX,10:10:44.515,0x101,32,46 40 40 28 6C 01 1A 01 00 43 00 00 00 FF 7F 51 78 FF 7F 75 55 FF 7F FF 7F 12 14 4C BC FA 40 1A
TX,10:10:44.540,0x300,12,40 00 40 28 1C 01 06 01 00 41 EF 7A
RX,10:10:44.560,0x101,32,47 40 40 28 6C 01 1A 01 00 43 00 00 00 FF 7F 51 78 FF 7F 75 55 FF 7F FF 7F 12 14 4C BC FA 40 1A
TX,10:10:44.582,0x300,12,40 00 40 28 1C 01 06 01 00 41 EF 7A
RX,10:10:44.602,0x101,32,48 40 40 28 6C 01 1A 01 00 43 00 00 00 FF 7F 51 78 FF 7F 75 55 FF 7F FF 7F 12 14 4C BC FA 40 1A
TX,10:10:44.625,0x300,12,40 00 40 28 1C 01 06 01 00 41 EF 7A
RX,10:10:44.646,0x101,32,49 40 40 28 6C 01 1A 01 00 43 00 00 00 FF 7F 51 78 FF 7F 75 55 FF 7F FF 7F 12 14 4C BC FA 40 1A
TX,10:10:44.669,0x300,12,40 00 40 28 1C 01 06 01 00 41 EF 7A
RX,10:10:44.689,0x101,32,4A 40 40 28 6C 01 1A 01 00 43 00 00 00 FF 7F 51 78 FF 7F 75 55 FF 7F FF 7F 12 13 4C BC F9 40 1A
TX,10:10:44.710,0x300,12,40 00 40 28 1C 01 06 01 00 41 EF 7A
RX,10:10:44.728,0x101,32,4B 40 40 28 6C 01 1A 01 00 43 00 00 00 FF 7F 51 78 FF 7F 75 55 FF 7F FF 7F 12 13 4C BC F9 40 1A
TX,10:10:44.750,0x300,12,40 00 40 28 1C 01 06 01 00 41 EF 7A
RX,10:10:44.770,0x101,32,4C 40 40 28 6C 01 1A 01 00 43 00 00 00 FF 7F 51 78 FF 7F 75 55 FF 7F FF 7F 12 13 4C BC F9 40 1A
TX,10:10:44.789,0x300,6,40 40 40 08 04 01
TX,10:10:44.808,0x300,12,40 40 00 09 1C 01 00 01 10 42 10 20
TX,10:10:44.829,0x300,12,40 00 40 28 1C 01 06 01 00 41 EF 7A
RX,10:10:44.851,0x101,32,4D 40 40 38 6C 01 1A 01 00 43 00 00 00 FF 7F 51 78 FF 7F 75 55 FF 7F FF 7F 12 13 4C BC F9 40 1A
RX,10:10:44.870,0x101,16,4E 40 00 39 24 01 00 01 10 42 10 20 03 00 01 20
RX,10:10:44.889,0x101,32,4F 40 40 28 6C 01 1A 01 00 43 00 00 00 FF 7F 51 78 FF 7F 75 55 FF 7F FF 7F 12 13 4C BC F9 40 1A
TX,10:10:44.917,0x300,12,40 00 40 28 1C 01 06 01 00 41 EF 7A
RX,10:10:44.938,0x101,32,50 40 40 28 6C 01 1A 01 00 43 00 00 00 FF 7F 51 78 FF 7F 75 55 FF 7F FF 7F 12 12 4C BC F8 40 1A
TX,10:10:44.968,0x300,12,40 00 40 28 1C 01 06 01 00 41 EF 7A
RX,10:10:44.991,0x101,32,51 40 40 28 6C 01 1A 01 00 43 00 00 00 FF 7F 51 78 FF 7F 75 55 FF 7F FF 7F 12 12 4C BC F8 40 1A
TX,10:10:45.013,0x300,12,40 00 40 28 1C 01 06 01 00 41 EF 7A
RX,10:10:45.038,0x101,32,52 40 40 28 6C 01 1A 01 00 43 00 00 00 FF 7F 51 78 FF 7F 75 55 FF 7F FF 7F 12 12 4C BC F8 40 1A
TX,10:10:45.066,0x300,12,40 00 40 28 1C 01 06 01 00 41 EF 7A
RX,10:10:45.088,0x101,32,53 40 40 28 6C 01 1A 01 00 43 00 00 00 FF 7F 51 78 FF 7F 75 55 FF 7F FF 7F 12 12 4C BC F8 40 1A
TX,10:10:45.111,0x300,12,40 00 40 28 1C 01 06 01 00 41 EF 7A
RX,10:10:45.133,0x101,32,54 40 40 28 6C 01 1A 01 00 43 00 00 00 FF 7F 51 78 FF 7F 75 55 FF 7F FF 7F 12 11 4C BC F7 40 1A
TX,10:10:45.167,0x300,12,40 00 40 28 1C 01 06 01 00 41 EF 7A
RX,10:10:45.190,0x101,32,55 40 40 28 6C 01 1A 01 00 43 00 00 00 FF 7F 51 78 FF 7F 75 55 FF 7F FF 7F 12 11 4C BC F7 40 1A
TX,10:10:45.214,0x300,12,40 00 40 28 1C 01 06 01 00 41 EF 7A
RX,10:10:45.236,0x101,32,56 40 40 28 6C 01 1A 01 00 43 00 00 00 FF 7F 51 78 FF 7F 75 55 FF 7F FF 7F 12 11 4C BC F7 40 1A
TX,10:10:45.266,0x300,6,40 40 40 08 04 01
TX,10:10:45.289,0x300,12,40 40 00 09 1C 01 00 01 10 42 10 20
TX,10:10:45.314,0x300,12,40 00 40 28 1C 01 06 01 00 41 EF 7A
RX,10:10:45.340,0x101,32,57 40 40 38 6C 01 1A 01 00 43 00 00 00 FF 7F 51 78 FF 7F 75 55 FF 7F FF 7F 12 11 4C BC F7 40 1A
RX,10:10:45.363,0x101,16,58 40 00 39 24 01 00 01 10 42 10 20 03 00 01 20
RX,10:10:45.386,0x101,32,59 40 40 28 6C 01 1A 01 00 43 00 00 00 FF 7F 51 78 FF 7F 75 55 FF 7F FF 7F 12 11 4C BC F7 40 1A
TX,10:10:45.419,0x300,12,40 00 40 28 1C 01 06 01 00 41 EF 7A
RX,10:10:45.443,0x101,32,5A 40 40 28 6C 01 1A 01 00 43 00 00 00 FF 7F 51 78 FF 7F 75 55 FF 7F FF 7F 12 11 4C BC F7 40 1A
TX,10:10:45.475,0x300,12,40 00 40 28 1C 01 06 01 00 41 EF 7A
RX,10:10:45.499,0x101,32,5B 40 40 28 6C 01 1A 01 00 43 00 00 00 FF 7F 51 78 FF 7F 75 55 FF 7F FF 7F 12 11 4C BC F7 40 1A
TX,10:10:45.525,0x300,12,40 00 40 28 1C 01 06 01 00 41 EF 7A
RX,10:10:45.551,0x101,32,5C 40 40 28 6C 01 1A 01 00 43 00 00 00 FF 7F 51 78 FF 7F 75 55 FF 7F FF 7F 12 11 4C BC F7 40 1A
TX,10:10:45.582,0x300,12,40 00 40 28 1C 01 06 01 00 41 EF 7A
RX,10:10:45.610,0x101,32,5D 40 40 28 6C 01 1A 01 00 43 00 00 00 FF 7F 51 78 FF 7F 75 55 FF 7F FF 7F 12 11 4C BC F7 40 1A
TX,10:10:45.639,0x300,12,40 00 40 28 1C 01 06 01 00 41 EF 7A
RX,10:10:45.665,0x101,32,5E 40 40 28 6C 01 1A 01 00 43 00 00 00 FF 7F 51 78 FF 7F 75 55 FF 7F FF 7F 12 11 4C BC F7 40 1A
TX,10:10:45.699,0x300,12,40 00 40 28 1C 01 06 01 00 41 EF 7A
RX,10:10:45.722,0x101,32,5F 40 40 28 6C 01 1A 01 00 43 00 00 00 FF 7F 51 78 FF 7F 75 55 FF 7F FF 7F 12 10 4C BC F6 40 1A
TX,10:10:45.747,0x300,12,40 00 40 28 1C 01 06 01 00 41 EF 7A
RX,10:10:45.772,0x101,32,60 40 40 28 6C 01 1A 01 00 43 00 00 00 FF 7F 51 78 FF 7F 75 55 FF 7F FF 7F 12 10 4C BC F6 40 1A
TX,10:10:45.803,0x300,6,40 40 40 08 04 01
TX,10:10:45.826,0x300,12,40 40 00 09 1C 01 00 01 10 42 10 20
TX,10:10:45.854,0x300,12,40 00 40 28 1C 01 06 01 00 41 EF 7A
RX,10:10:45.877,0x101,32,61 40 40 38 6C 01 1A 01 00 43 00 00 00 FF 7F 51 78 FF 7F 75 55 FF 7F FF 7F 12 10 4C BC F6 40 1A
RX,10:10:45.900,0x101,16,62 40 00 39 24 01 00 01 10 42 10 20 03 00 01 20
RX,10:10:45.923,0x101,32,63 40 40 28 6C 01 1A 01 00 43 00 00 00 FF 7F 51 78 FF 7F 75 55 FF 7F FF 7F 12 10 4C BC F6 40 1A
TX,10:10:45.959,0x300,12,40 00 40 28 1C 01 06 01 00 41 EF 7A
RX,10:10:45.982,0x101,32,64 40 40 28 6C 01 1A 01 00 43 00 00 00 FF 7F 51 78 FF 7F 75 55 FF 7F FF 7F 12 10 4C BC F6 40 1A
TX,10:10:46.009,0x300,12,40 00 40 28 1C 01 06 01 00 41 EF 7A
RX,10:10:46.031,0x101,32,65 40 40 28 6C 01 1A 01 00 43 00 00 00 FF 7F 51 78 FF 7F 75 55 FF 7F FF 7F 12 11 4C BC F7 40 1A
TX,10:10:46.053,0x300,12,40 00 40 28 1C 01 06 01 00 41 EF 7A
RX,10:10:46.075,0x101,32,66 40 40 28 6C 01 1A 01 00 43 00 00 00 FF 7F 51 78 FF 7F 75 55 FF 7F FF 7F 12 11 4C BC F7 40 1A
TX,10:10:46.105,0x300,12,40 00 40 28 1C 01 06 01 00 41 EF 7A
RX,10:10:46.129,0x101,32,67 40 40 28 6C 01 1A 01 00 43 00 00 00 FF 7F 51 78 FF 7F 75 55 FF 7F FF 7F 12 11 4C BC F7 40 1A
TX,10:10:46.154,0x300,12,40 00 40 28 1C 01 06 01 00 41 EF 7A
RX,10:10:46.177,0x101,32,68 40 40 28 6C 01 1A 01 00 43 00 00 00 FF 7F 51 78 FF 7F 75 55 FF 7F FF 7F 12 10 4C BC F6 40 1A
TX,10:10:46.197,0x300,12,40 00 40 28 1C 01 06 01 00 41 EF 7A
RX,10:10:46.217,0x101,32,69 40 40 28 6C 01 1A 01 00 43 00 00 00 FF 7F 51 78 FF 7F 75 55 FF 7F FF 7F 12 10 4C BC F6 40 1A
TX,10:10:46.241,0x300,12,40 00 40 28 1C 01 06 01 00 41 EF 7A
RX,10:10:46.261,0x101,32,6A 40 40 28 6C 01 1A 01 00 43 00 00 00 FF 7F 51 78 FF 7F 75 55 FF 7F FF 7F 12 10 4C BC F6 40 1A
TX,10:10:46.284,0x300,6,40 40 40 08 04 01
TX,10:10:46.307,0x300,12,40 40 00 09 1C 01 00 01 10 42 10 20
TX,10:10:46.331,0x300,12,40 00 40 28 1C 01 06 01 00 41 EF 7A
RX,10:10:46.353,0x101,32,6B 40 40 38 6C 01 1A 01 00 43 00 00 00 FF 7F 51 78 FF 7F 75 55 FF 7F FF 7F 12 10 4C BC F6 40 1A
RX,10:10:46.375,0x101,16,6C 40 00 39 24 01 00 01 10 42 10 20 03 00 01 20
RX,10:10:46.397,0x101,32,6D 40 40 28 6C 01 1A 01 00 43 00 00 00 FF 7F 51 78 FF 7F 75 55 FF 7F FF 7F 12 10 4C BC F6 40 1A
TX,10:10:46.429,0x300,12,40 00 40 28 1C 01 06 01 00 41 EF 7A
RX,10:10:46.455,0x101,32,6E 40 40 28 6C 01 1A 01 00 43 00 00 00 FF 7F 51 78 FF 7F 75 55 FF 7F FF 7F 12 10 4C BC F6 40 1A
TX,10:10:46.485,0x300,12,40 00 40 28 1C 01 06 01 00 41 EF 7A
RX,10:10:46.509,0x101,32,6F 40 40 28 6C 01 1A 01 00 43 00 00 00 FF 7F 51 78 FF 7F 75 55 FF 7F FF 7F 12 0F 4C BC F5 40 1A
TX,10:10:46.532,0x300,12,40 00 40 28 1C 01 06 01 00 41 EF 7A
RX,10:10:46.555,0x101,32,70 40 40 28 6C 01 1A 01 00 43 00 00 00 FF 7F 51 78 FF 7F 75 55 FF 7F FF 7F 12 0F 4C BC F5 40 1A
TX,10:10:46.579,0x300,12,40 00 40 28 1C 01 06 01 00 41 EF 7A
RX,10:10:46.600,0x101,32,71 40 40 28 6C 01 1A 01 00 43 00 00 00 FF 7F 51 78 FF 7F 75 55 FF 7F FF 7F 12 0F 4C BC F5 40 1A
TX,10:10:46.622,0x300,12,40 00 40 28 1C 01 06 01 00 41 EF 7A
RX,10:10:46.643,0x101,32,72 40 40 28 6C 01 1A 01 00 43 00 00 00 FF 7F 51 78 FF 7F 75 55 FF 7F FF 7F 12 0F 4C BC F5 40 1A
TX,10:10:46.667,0x300,12,40 00 40 28 1C 01 06 01 00 41 EF 7A
RX,10:10:46.688,0x101,32,73 40 40 28 6C 01 1A 01 00 43 00 00 00 FF 7F 51 78 FF 7F 75 55 FF 7F FF 7F 12 0F 4C BC F5 40 1A
TX,10:10:46.712,0x300,12,40 00 40 28 1C 01 06 01 00 41 EF 7A
RX,10:10:46.740,0x101,32,74 40 40 28 6C 01 1A 01 00 43 00 00 00 FF 7F 51 78 FF 7F 75 55 FF 7F FF 7F 12 0F 4C BC F5 40 1A
TX,10:10:46.768,0x300,6,40 40 40 08 04 01
TX,10:10:46.792,0x300,12,40 40 00 09 1C 01 00 01 10 42 10 20
TX,10:10:46.817,0x300,12,40 00 40 28 1C 01 06 01 00 41 EF 7A
RX,10:10:46.840,0x101,32,75 40 40 38 6C 01 1A 01 00 43 00 00 00 FF 7F 51 78 FF 7F 75 55 FF 7F FF 7F 12 0F 4C BC F5 40 1A
RX,10:10:46.865,0x101,16,76 40 00 39 24 01 00 01 10 42 10 20 03 00 01 20
RX,10:10:46.889,0x101,32,77 40 40 28 6C 01 1A 01 00 43 00 00 00 FF 7F 51 78 FF 7F 75 55 FF 7F FF 7F 12 0F 4C BC F5 40 1A
TX,10:10:46.923,0x300,12,40 00 40 28 1C 01 06 01 00 41 EF 7A
RX,10:10:46.949,0x101,32,78 40 40 28 6C 01 1A 01 00 43 00 00 00 FF 7F 51 78 FF 7F 75 55 FF 7F FF 7F 12 0F 4C BC F5 40 1A
TX,10:10:46.990,0x300,12,40 00 40 28 1C 01 06 01 00 41 EF 7A
RX,10:10:47.014,0x101,32,79 40 40 28 6C 01 1A 01 00 43 00 00 00 FF 7F 51 78 FF 7F 75 55 FF 7F FF 7F 12 0F 4C BC F5 40 1A
TX,10:10:47.038,0x300,12,40 00 40 28 1C 01 06 01 00 41 EF 7A
RX,10:10:47.060,0x101,32,7A 40 40 28 6C 01 1A 01 00 43 00 00 00 FF 7F 51 78 FF 7F 75 55 FF 7F FF 7F 12 0F 4C BC F5 40 1A
TX,10:10:47.094,0x300,12,40 00 40 28 1C 01 06 01 00 41 EF 7A
RX,10:10:47.119,0x101,32,7B 40 40 28 6C 01 1A 01 00 43 00 00 00 FF 7F 51 78 FF 7F 75 55 FF 7F FF 7F 12 0F 4C BC F5 40 1A
TX,10:10:47.145,0x300,12,40 00 40 28 1C 01 06 01 00 41 EF 7A
RX,10:10:47.167,0x101,32,7C 40 40 28 6C 01 1A 01 00 43 00 00 00 FF 7F 51 78 FF 7F 75 55 FF 7F FF 7F 12 0E 4C BC F4 40 1A
TX,10:10:47.199,0x300,12,40 00 40 28 1C 01 06 01 00 41 EF 7A
RX,10:10:47.223,0x101,32,7D 40 40 28 6C 01 1A 01 00 43 00 00 00 FF 7F 51 78 FF 7F 75 55 FF 7F FF 7F 12 0E 4C BC F4 40 1A
TX,10:10:47.247,0x300,12,40 00 40 28 1C 01 06 01 00 41 EF 7A
RX,10:10:47.269,0x101,32,7E 40 40 28 6C 01 1A 01 00 43 00 00 00 FF 7F 51 78 FF 7F 75 55 FF 7F FF 7F 12 0E 4C BC F4 40 1A
TX,10:10:47.301,0x300,6,40 40 40 08 04 01
TX,10:10:47.327,0x300,12,40 40 00 09 1C 01 00 01 10 42 10 20
TX,10:10:47.354,0x300,12,40 00 40 28 1C 01 06 01 00 41 EF 7A
RX,10:10:47.378,0x101,32,7F 40 40 38 6C 01 1A 01 00 43 00 00 00 FF 7F 51 78 FF 7F 75 55 FF 7F FF 7F 12 0E 4C BC F4 40 1A
RX,10:10:47.401,0x101,16,40 40 00 39 24 01 00 01 10 42 10 20 03 00 01 20
RX,10:10:47.424,0x101,32,41 40 40 28 6C 01 1A 01 00 43 00 00 00 FF 7F 51 78 FF 7F 75 55 FF 7F FF 7F 12 0E 4C BC F4 40 1A
TX,10:10:47.457,0x300,12,40 00 40 28 1C 01 06 01 00 41 EF 7A
RX,10:10:47.479,0x101,32,42 40 40 28 6C 01 1A 01 00 43 00 00 00 FF 7F 51 78 FF 7F 75 55 FF 7F FF 7F 12 0E 4C BC F4 40 1A
TX,10:10:47.505,0x300,12,40 00 40 28 1C 01 06 01 00 41 EF 7A
RX,10:10:47.528,0x101,32,43 40 40 28 6C 01 1A 01 00 43 00 00 00 FF 7F 51 78 FF 7F 75 55 FF 7F FF 7F 12 0E 4C BC F4 40 1A
TX,10:10:47.558,0x300,12,40 00 40 28 1C 01 06 01 00 41 EF 7A
RX,10:10:47.582,0x101,32,44 40 40 28 6C 01 1A 01 00 43 00 00 00 FF 7F 51 78 FF 7F 75 55 FF 7F FF 7F 12 0E 4C BC F4 40 1A
TX,10:10:47.610,0x300,12,40 00 40 28 1C 01 06 01 00 41 EF 7A
RX,10:10:47.633,0x101,32,45 40 40 28 6C 01 1A 01 00 43 00 00 00 FF 7F 51 78 FF 7F 75 55 FF 7F FF 7F 12 0E 4C BC F4 40 1A
TX,10:10:47.662,0x300,12,40 00 40 28 1C 01 06 01 00 41 EF 7A
RX,10:10:47.685,0x101,32,46 40 40 28 6C 01 1A 01 00 43 00 00 00 FF 7F 51 78 FF 7F 75 55 FF 7F FF 7F 12 0E 4C BC F4 40 1A
TX,10:10:47.709,0x300,12,40 00 40 28 1C 01 06 01 00 41 EF 7A
RX,10:10:47.733,0x101,32,47 40 40 28 6C 01 1A 01 00 43 00 00 00 FF 7F 51 78 FF 7F 75 55 FF 7F FF 7F 12 0E 4C BC F4 40 1A
TX,10:10:47.760,0x300,6,40 40 40 08 04 01
TX,10:10:47.781,0x300,12,40 40 00 09 1C 01 00 01 10 42 10 20
TX,10:10:47.802,0x300,12,40 00 40 28 1C 01 06 01 00 41 EF 7A
RX,10:10:47.826,0x101,32,48 40 40 38 6C 01 1A 01 00 43 00 00 00 FF 7F 51 78 FF 7F 75 55 FF 7F FF 7F 12 0E 4C BC F4 40 1A
RX,10:10:47.846,0x101,16,49 40 00 39 24 01 00 01 10 42 10 20 03 00 01 20
RX,10:10:47.866,0x101,32,4A 40 40 28 6C 01 1A 01 00 43 00 00 00 FF 7F 51 78 FF 7F 75 55 FF 7F FF 7F 12 0E 4C BC F4 40 1A
TX,10:10:47.894,0x300,12,40 00 40 28 1C 01 06 01 00 41 EF 7A
RX,10:10:47.915,0x101,32,4B 40 40 28 6C 01 1A 01 00 43 00 00 00 FF 7F 51 78 FF 7F 75 55 FF 7F FF 7F 12 0E 4C BC F4 40 1A
TX,10:10:47.940,0x300,12,40 00 40 28 1C 01 06 01 00 41 EF 7A
RX,10:10:47.959,0x101,32,4C 40 40 28 6C 01 1A 01 00 43 00 00 00 FF 7F 51 78 FF 7F 75 55 FF 7F FF 7F 12 0E 4C BC F4 40 1A
TX,10:10:47.984,0x300,12,40 00 40 28 1C 01 06 01 00 41 EF 7A
RX,10:10:48.004,0x101,32,4D 40 40 28 6C 01 1A 01 00 43 00 00 00 FF 7F 51 78 FF 7F 75 55 FF 7F FF 7F 12 0D 4C BC F3 40 1A
TX,10:10:48.030,0x300,12,40 00 40 28 1C 01 06 01 00 41 EF 7A
RX,10:10:48.050,0x101,32,4E 40 40 28 6C 01 1A 01 00 43 00 00 00 FF 7F 51 78 FF 7F 75 55 FF 7F FF 7F 12 0D 4C BC F3 40 1A
TX,10:10:48.071,0x300,12,40 00 40 28 1C 01 06 01 00 41 EF 7A
RX,10:10:48.094,0x101,32,4F 40 40 28 6C 01 1A 01 00 43 00 00 00 FF 7F 51 78 FF 7F 75 55 FF 7F FF 7F 12 0D 4C BC F3 40 1A
TX,10:10:48.122,0x300,12,40 00 40 28 1C 01 06 01 00 41 EF 7A
RX,10:10:48.144,0x101,32,50 40 40 28 6C 01 1A 01 00 43 00 00 00 FF 7F 51 78 FF 7F 75 55 FF 7F FF 7F 12 0D 4C BC F3 40 1A
TX,10:10:48.169,0x300,12,40 00 40 28 1C 01 06 01 00 41 EF 7A
RX,10:10:48.189,0x101,32,51 40 40 28 6C 01 1A 01 00 43 00 00 00 FF 7F 51 78 FF 7F 75 55 FF 7F FF 7F 12 0D 4C BC F3 40 1A
TX,10:10:48.211,0x300,12,40 00 40 28 1C 01 06 01 00 41 EF 7A
RX,10:10:48.230,0x101,32,52 40 40 28 6C 01 1A 01 00 43 00 00 00 FF 7F 51 78 FF 7F 75 55 FF 7F FF 7F 12 0D 4C BC F3 40 1A
TX,10:10:48.255,0x300,12,40 00 40 28 1C 01 06 01 00 41 EF 7A
RX,10:10:48.277,0x101,32,53 40 40 28 6C 01 1A 01 00 43 00 00 00 FF 7F 51 78 FF 7F 75 55 FF 7F FF 7F 12 0E 4C BC F4 40 1A
TX,10:10:48.299,0x300,6,40 40 40 08 04 01
TX,10:10:48.320,0x300,12,40 40 00 09 1C 01 00 01 10 42 10 20
TX,10:10:48.345,0x300,12,40 00 40 28 1C 01 06 01 00 41 EF 7A
RX,10:10:48.366,0x101,32,54 40 40 38 6C 01 1A 01 00 43 00 00 00 FF 7F 51 78 FF 7F 75 55 FF 7F FF 7F 12 0D 4C BC F3 40 1A
RX,10:10:48.392,0x101,16,55 40 00 39 24 01 00 01 10 42 10 20 03 00 01 20
RX,10:10:48.418,0x101,32,56 40 40 28 6C 01 1A 01 00 43 00 00 00 FF 7F 51 78 FF 7F 75 55 FF 7F FF 7F 12 0D 4C BC F3 40 1A
TX,10:10:48.448,0x300,12,40 00 40 28 1C 01 06 01 00 41 EF 7A
RX,10:10:48.473,0x101,32,57 40 40 28 6C 01 1A 01 00 43 00 00 00 FF 7F 51 78 FF 7F 75 55 FF 7F FF 7F 12 0D 4C BC F3 40 1A
TX,10:10:48.508,0x300,12,40 00 40 28 1C 01 06 01 00 41 EF 7A
RX,10:10:48.531,0x101,32,58 40 40 28 6C 01 1A 01 00 43 00 00 00 FF 7F 51 78 FF 7F 75 55 FF 7F FF 7F 12 0C 4C BC F2 40 1A
TX,10:10:48.553,0x300,12,40 00 40 28 1C 01 06 01 00 41 EF 7A
RX,10:10:48.575,0x101,32,59 40 40 28 6C 01 1A 01 00 43 00 00 00 FF 7F 51 78 FF 7F 75 55 FF 7F FF 7F 12 0C 4C BC F2 40 1A
TX,10:10:48.604,0x300,12,40 00 40 28 1C 01 06 01 00 41 EF 7A
RX,10:10:48.626,0x101,32,5A 40 40 28 6C 01 1A 01 00 43 00 00 00 FF 7F 51 78 FF 7F 75 55 FF 7F FF 7F 12 0C 4C BC F2 40 1A
TX,10:10:48.653,0x300,12,40 00 40 28 1C 01 06 01 00 41 EF 7A
RX,10:10:48.675,0x101,32,5B 40 40 28 6C 01 1A 01 00 43 00 00 00 FF 7F 51 78 FF 7F 75 55 FF 7F FF 7F 12 0C 4C BC F2 40 1A
TX,10:10:48.700,0x300,12,40 00 40 28 1C 01 06 01 00 41 EF 7A
RX,10:10:48.722,0x101,32,5C 40 40 28 6C 01 1A 01 00 43 00 00 00 FF 7F 51 78 FF 7F 75 55 FF 7F FF 7F 12 0C 4C BC F2 40 1A
TX,10:10:48.750,0x300,12,40 00 40 28 1C 01 06 01 00 41 EF 7A
RX,10:10:48.773,0x101,32,5D 40 40 28 6C 01 1A 01 00 43 00 00 00 FF 7F 51 78 FF 7F 75 55 FF 7F FF 7F 12 0C 4C BC F2 40 1A
TX,10:10:48.802,0x300,6,40 40 40 08 04 01
TX,10:10:48.825,0x300,12,40 40 00 09 1C 01 00 01 10 42 10 20
TX,10:10:48.848,0x300,12,40 00 40 28 1C 01 06 01 00 41 EF 7A
RX,10:10:48.868,0x101,32,5E 40 40 38 6C 01 1A 01 00 43 00 00 00 FF 7F 51 78 FF 7F 75 55 FF 7F FF 7F 12 0C 4C BC F2 40 1A
RX,10:10:48.889,0x101,16,5F 40 00 39 24 01 00 01 10 42 10 20 03 00 01 20
RX,10:10:48.910,0x101,32,60 40 40 28 6C 01 1A 01 00 43 00 00 00 FF 7F 51 78 FF 7F 75 55 FF 7F FF 7F 12 0B 4C BC F1 40 1A
TX,10:10:48.936,0x300,12,40 00 40 28 1C 01 06 01 00 41 EF 7A
RX,10:10:48.957,0x101,32,61 40 40 28 6C 01 1A 01 00 43 00 00 00 FF 7F 51 78 FF 7F 75 55 FF 7F FF 7F 12 0A 4C BC F0 40 1A
TX,10:10:48.981,0x300,12,40 00 40 28 1C 01 06 01 00 41 EF 7A
RX,10:10:49.003,0x101,32,62 40 40 28 6C 01 1A 01 00 43 00 00 00 FF 7F 51 78 FF 7F 75 55 FF 7F FF 7F 12 0A 4C BC F0 40 1A
TX,10:10:49.025,0x300,12,40 00 40 28 1C 01 06 01 00 41 EF 7A
RX,10:10:49.045,0x101,32,63 40 40 28 6C 01 1A 01 00 43 00 00 00 FF 7F 51 78 FF 7F 75 55 FF 7F FF 7F 12 0A 4C BC F0 40 1A
TX,10:10:49.074,0x300,12,40 00 40 28 1C 01 06 01 00 41 EF 7A
RX,10:10:49.094,0x101,32,64 40 40 28 6C 01 1A 01 00 43 00 00 00 FF 7F 51 78 FF 7F 75 55 FF 7F FF 7F 12 0A 4C BC F0 40 1A
TX,10:10:49.116,0x300,12,40 00 40 28 1C 01 06 01 00 41 EF 7A
RX,10:10:49.137,0x101,32,65 40 40 28 6C 01 1A 01 00 43 00 00 00 FF 7F 51 78 FF 7F 75 55 FF 7F FF 7F 12 0A 4C BC F0 40 1A
TX,10:10:49.164,0x300,12,40 00 40 28 1C 01 06 01 00 41 EF 7A
RX,10:10:49.185,0x101,32,66 40 40 28 6C 01 1A 01 00 43 00 00 00 FF 7F 51 78 FF 7F 75 55 FF 7F FF 7F 12 0A 4C BC F0 40 1A
TX,10:10:49.206,0x300,12,40 00 40 28 1C 01 06 01 00 41 EF 7A
RX,10:10:49.227,0x101,32,67 40 40 28 6C 01 1A 01 00 43 00 00 00 FF 7F 51 78 FF 7F 75 55 FF 7F FF 7F 12 0A 4C BC F0 40 1A
TX,10:10:49.251,0x300,12,40 00 40 28 1C 01 06 01 00 41 EF 7A
RX,10:10:49.271,0x101,32,68 40 40 28 6C 01 1A 01 00 43 00 00 00 FF 7F 51 78 FF 7F 75 55 FF 7F FF 7F 12 0A 4C BC F0 40 1A
TX,10:10:49.292,0x300,6,40 40 40 08 04 01
TX,10:10:49.313,0x300,12,40 40 00 09 1C 01 00 01 10 42 10 20
TX,10:10:49.336,0x300,12,40 00 40 28 1C 01 06 01 00 41 EF 7A
RX,10:10:49.357,0x101,32,69 40 40 38 6C 01 1A 01 00 43 00 00 00 FF 7F 51 78 FF 7F 75 55 FF 7F FF 7F 12 09 4C BC EF 40 1A
RX,10:10:49.376,0x101,16,6A 40 00 39 24 01 00 01 10 42 10 20 03 00 01 20
RX,10:10:49.397,0x101,32,6B 40 40 28 6C 01 1A 01 00 43 00 00 00 FF 7F 51 78 FF 7F 75 55 FF 7F FF 7F 12 09 4C BC EF 40 1A
TX,10:10:49.427,0x300,12,40 00 40 28 1C 01 06 01 00 41 EF 7A
RX,10:10:49.449,0x101,32,6C 40 40 28 6C 01 1A 01 00 43 00 00 00 FF 7F 51 78 FF 7F 75 55 FF 7F FF 7F 12 08 4C BC EE 40 1A
TX,10:10:49.477,0x300,12,40 00 40 28 1C 01 06 01 00 41 EF 7A
RX,10:10:49.500,0x101,32,6D 40 40 28 6C 01 1A 01 00 43 00 00 00 FF 7F 51 78 FF 7F 75 55 FF 7F FF 7F 12 08 4C BC EE 40 1A
TX,10:10:49.528,0x300,12,40 00 40 28 1C 01 06 01 00 41 EF 7A
RX,10:10:49.549,0x101,32,6E 40 40 28 6C 01 1A 01 00 43 00 00 00 FF 7F 51 78 FF 7F 75 55 FF 7F FF 7F 12 08 4C BC EE 40 1A
TX,10:10:49.576,0x300,12,40 00 40 28 1C 01 06 01 00 41 EF 7A
RX,10:10:49.597,0x101,32,6F 40 40 28 6C 01 1A 01 00 43 00 00 00 FF 7F 51 78 FF 7F 75 55 FF 7F FF 7F 12 08 4C BC EE 40 1A
TX,10:10:49.622,0x300,12,40 00 40 28 1C 01 06 01 00 41 EF 7A
RX,10:10:49.643,0x101,32,70 40 40 28 6C 01 1A 01 00 43 00 00 00 FF 7F 51 78 FF 7F 75 55 FF 7F FF 7F 12 08 4C BC EE 40 1A
TX,10:10:49.669,0x300,12,40 00 40 28 1C 01 06 01 00 41 EF 7A
RX,10:10:49.689,0x101,32,71 40 40 28 6C 01 1A 01 00 43 00 00 00 FF 7F 51 78 FF 7F 75 55 FF 7F FF 7F 12 07 4C BC ED 40 1A
TX,10:10:49.711,0x300,12,40 00 40 28 1C 01 06 01 00 41 EF 7A
RX,10:10:49.731,0x101,32,72 40 40 28 6C 01 1A 01 00 43 00 00 00 FF 7F 51 78 FF 7F 75 55 FF 7F FF 7F 12 07 4C BC ED 40 1A
TX,10:10:49.755,0x300,6,40 40 40 08 04 01
TX,10:10:49.778,0x300,12,40 40 00 09 1C 01 00 01 10 42 10 20
TX,10:10:49.799,0x300,12,40 00 40 28 1C 01 06 01 00 41 EF 7A
RX,10:10:49.820,0x101,32,73 40 40 38 6C 01 1A 01 00 43 00 00 00 FF 7F 51 78 FF 7F 75 55 FF 7F FF 7F 12 07 4C BC ED 40 1A
RX,10:10:49.841,0x101,16,74 40 00 39 24 01 00 01 10 42 10 20 03 00 01 20
RX,10:10:49.862,0x101,32,75 40 40 28 6C 01 1A 01 00 43 00 00 00 FF 7F 51 78 FF 7F 75 55 FF 7F FF 7F 12 06 4C BC EC 40 1A
TX,10:10:49.888,0x300,12,40 00 40 28 1C 01 06 01 00 41 EF 7A
RX,10:10:49.909,0x101,32,76 40 40 28 6C 01 1A 01 00 43 00 00 00 FF 7F 51 78 FF 7F 75 55 FF 7F FF 7F 12 06 4C BC EC 40 1A
TX,10:10:49.941,0x300,12,40 00 40 28 1C 01 06 01 00 41 EF 7A
RX,10:10:49.965,0x101,32,77 40 40 28 6C 01 1A 01 00 43 00 00 00 FF 7F 51 78 FF 7F 75 55 FF 7F FF 7F 12 06 4C BC EC 40 1A
TX,10:10:49.994,0x300,12,40 00 40 28 1C 01 06 01 00 41 EF 7A
RX,10:10:50.015,0x101,32,78 40 40 28 6C 01 1A 01 00 43 00 00 00 FF 7F 51 78 FF 7F 75 55 FF 7F FF 7F 12 06 4C BC EC 40 1A
TX,10:10:50.042,0x300,12,40 00 40 28 1C 01 06 01 00 41 EF 7A
RX,10:10:50.063,0x101,32,79 40 40 28 6C 01 1A 01 00 43 00 00 00 FF 7F 51 78 FF 7F 75 55 FF 7F FF 7F 12 06 4C BC EC 40 1A
TX,10:10:50.090,0x300,12,40 00 40 28 1C 01 06 01 00 41 EF 7A
RX,10:10:50.112,0x101,32,7A 40 40 28 6C 01 1A 01 00 43 00 00 00 FF 7F 51 78 FF 7F 75 55 FF 7F FF 7F 12 06 4C BC EC 40 1A
TX,10:10:50.137,0x300,12,40 00 40 28 1C 01 06 01 00 41 EF 7A
RX,10:10:50.158,0x101,32,7B 40 40 28 6C 01 1A 01 00 43 00 00 00 FF 7F 51 78 FF 7F 75 55 FF 7F FF 7F 12 05 4C BC EB 40 1A
TX,10:10:50.184,0x300,12,40 00 40 28 1C 01 06 01 00 41 EF 7A
RX,10:10:50.203,0x101,32,7C 40 40 28 6C 01 1A 01 00 43 00 00 00 FF 7F 51 78 FF 7F 75 55 FF 7F FF 7F 12 05 4C BC EB 40 1A
TX,10:10:50.230,0x300,12,40 00 40 28 1C 01 06 01 00 41 EF 7A
RX,10:10:50.249,0x101,32,7D 40 40 28 6C 01 1A 01 00 43 00 00 00 FF 7F 51 78 FF 7F 75 55 FF 7F FF 7F 12 05 4C BC EB 40 1A
TX,10:10:50.273,0x300,6,40 40 40 08 04 01
TX,10:10:50.293,0x300,12,40 40 00 09 1C 01 00 01 10 42 10 20
TX,10:10:50.313,0x300,12,40 00 40 28 1C 01 06 01 00 41 EF 7A
RX,10:10:50.333,0x101,32,7E 40 40 38 6C 01 1A 01 00 43 00 00 00 FF 7F 51 78 FF 7F 75 55 FF 7F FF 7F 12 05 4C BC EB 40 1A
RX,10:10:50.353,0x101,16,7F 40 00 39 24 01 00 01 10 42 10 20 03 00 01 20
RX,10:10:50.373,0x101,32,40 40 40 28 6C 01 1A 01 00 43 00 00 00 FF 7F 51 78 FF 7F 75 55 FF 7F FF 7F 12 05 4C BC EB 40 1A
TX,10:10:50.398,0x300,12,40 00 40 28 1C 01 06 01 00 41 EF 7A
RX,10:10:50.418,0x101,32,41 40 40 28 6C 01 1A 01 00 43 00 00 00 FF 7F 51 78 FF 7F 75 55 FF 7F FF 7F 12 05 4C BC EB 40 1A
TX,10:10:50.440,0x300,12,40 00 40 28 1C 01 06 01 00 41 EF 7A
RX,10:10:50.460,0x101,32,42 40 40 28 6C 01 1A 01 00 43 00 00 00 FF 7F 51 78 FF 7F 75 55 FF 7F FF 7F 12 05 4C BC EB 40 1A
TX,10:10:50.481,0x300,12,40 00 40 28 1C 01 06 01 00 41 EF 7A
RX,10:10:50.500,0x101,32,43 40 40 28 6C 01 1A 01 00 43 00 00 00 FF 7F 51 78 FF 7F 75 55 FF 7F FF 7F 12 05 4C BC EB 40 1A
TX,10:10:50.530,0x300,12,40 00 40 28 1C 01 06 01 00 41 EF 7A
RX,10:10:50.550,0x101,32,44 40 40 28 6C 01 1A 01 00 43 00 00 00 FF 7F 51 78 FF 7F 75 55 FF 7F FF 7F 12 04 4C BC EA 40 1A
TX,10:10:50.572,0x300,12,40 00 40 28 1C 01 06 01 00 41 EF 7A
RX,10:10:50.592,0x101,32,45 40 40 28 6C 01 1A 01 00 43 00 00 00 FF 7F 51 78 FF 7F 75 55 FF 7F FF 7F 12 04 4C BC EA 40 1A
TX,10:10:50.618,0x300,12,40 00 40 28 1C 01 06 01 00 41 EF 7A
RX,10:10:50.638,0x101,32,46 40 40 28 6C 01 1A 01 00 43 00 00 00 FF 7F 51 78 FF 7F 75 55 FF 7F FF 7F 12 04 4C BC EA 40 1A
TX,10:10:50.665,0x300,12,40 00 40 28 1C 01 06 01 00 41 EF 7A
RX,10:10:50.685,0x101,32,47 40 40 28 6C 01 1A 01 00 43 00 00 00 FF 7F 51 78 FF 7F 75 55 FF 7F FF 7F 12 03 4C BC E9 40 1A
TX,10:10:50.714,0x300,12,40 00 40 28 1C 01 06 01 00 41 EF 7A
RX,10:10:50.734,0x101,32,48 40 40 28 6C 01 1A 01 00 43 00 00 00 FF 7F 51 78 FF 7F 75 55 FF 7F FF 7F 12 03 4C BC E9 40 1A
TX,10:10:50.763,0x300,6,40 40 40 08 04 01
TX,10:10:50.783,0x300,12,40 40 00 09 1C 01 00 01 10 42 10 20
TX,10:10:50.804,0x300,12,40 00 40 28 1C 01 06 01 00 41 EF 7A
RX,10:10:50.826,0x101,32,49 40 40 38 6C 01 1A 01 00 43 00 00 00 FF 7F 51 78 FF 7F 75 55 FF 7F FF 7F 12 03 4C BC E9 40 1A
RX,10:10:50.846,0x101,16,4A 40 00 39 24 01 00 01 10 42 10 20 03 00 01 20
RX,10:10:50.866,0x101,32,4B 40 40 28 6C 01 1A 01 00 43 00 00 00 FF 7F 51 78 FF 7F 75 55 FF 7F FF 7F 12 02 4C BC E8 40 1A
TX,10:10:50.892,0x300,12,40 00 40 28 1C 01 06 01 00 41 EF 7A
RX,10:10:50.913,0x101,32,4C 40 40 28 6C 01 1A 01 00 43 00 00 00 FF 7F 51 78 FF 7F 75 55 FF 7F FF 7F 12 02 4C BC E8 40 1A
TX,10:10:50.938,0x300,12,40 00 40 28 1C 01 06 01 00 41 EF 7A
RX,10:10:50.958,0x101,32,4D 40 40 28 6C 01 1A 01 00 43 00 00 00 FF 7F 51 78 FF 7F 75 55 FF 7F FF 7F 12 02 4C BC E8 40 1A
TX,10:10:50.981,0x300,12,40 00 40 28 1C 01 06 01 00 41 EF 7A
RX,10:10:51.001,0x101,32,4E 40 40 28 6C 01 1A 01 00 43 00 00 00 FF 7F 51 78 FF 7F 75 55 FF 7F FF 7F 12 02 4C BC E8 40 1A
TX,10:10:51.028,0x300,12,40 00 40 28 1C 01 06 01 00 41 EF 7A
RX,10:10:51.047,0x101,32,4F 40 40 28 6C 01 1A 01 00 43 00 00 00 FF 7F 51 78 FF 7F 75 55 FF 7F FF 7F 12 01 4C BC E7 40 1A
TX,10:10:51.069,0x300,12,40 00 40 28 1C 01 06 01 00 41 EF 7A
RX,10:10:51.088,0x101,32,50 40 40 28 6C 01 1A 01 00 43 00 00 00 FF 7F 51 78 FF 7F 75 55 FF 7F FF 7F 12 02 4C BC E8 40 1A
TX,10:10:51.110,0x300,12,40 00 40 28 1C 01 06 01 00 41 EF 7A
RX,10:10:51.131,0x101,32,51 40 40 28 6C 01 1A 01 00 43 00 00 00 FF 7F 51 78 FF 7F 75 55 FF 7F FF 7F 12 01 4C BC E7 40 1A
TX,10:10:51.153,0x300,12,40 00 40 28 1C 01 06 01 00 41 EF 7A
RX,10:10:51.173,0x101,32,52 40 40 28 6C 01 1A 01 00 43 00 00 00 FF 7F 51 78 FF 7F 75 55 FF 7F FF 7F 12 01 4C BC E7 40 1A
TX,10:10:51.195,0x300,12,40 00 40 28 1C 01 06 01 00 41 EF 7A
RX,10:10:51.215,0x101,32,53 40 40 28 6C 01 1A 01 00 43 00 00 00 FF 7F 51 78 FF 7F 75 55 FF 7F FF 7F 12 01 4C BC E7 40 1A
TX,10:10:51.243,0x300,12,40 00 40 28 1C 01 06 01 00 41 EF 7A
RX,10:10:51.263,0x101,32,54 40 40 28 6C 01 1A 01 00 43 00 00 00 FF 7F 51 78 FF 7F 75 55 FF 7F FF 7F 12 01 4C BC E7 40 1A
TX,10:10:51.285,0x300,6,40 40 40 08 04 01
TX,10:10:51.307,0x300,12,40 40 00 09 1C 01 00 01 10 42 10 20
TX,10:10:51.329,0x300,12,40 00 40 28 1C 01 06 01 00 41 EF 7A
RX,10:10:51.351,0x101,32,55 40 40 38 6C 01 1A 01 00 43 00 00 00 FF 7F 51 78 FF 7F 75 55 FF 7F FF 7F 12 01 4C BC E7 40 1A
RX,10:10:51.370,0x101,16,56 40 00 39 24 01 00 01 10 42 10 20 03 00 01 20
RX,10:10:51.390,0x101,32,57 40 40 28 6C 01 1A 01 00 43 00 00 00 FF 7F 51 78 FF 7F 75 55 FF 7F FF 7F 12 01 4C BC E7 40 1A
TX,10:10:51.420,0x300,12,40 00 40 28 1C 01 06 01 00 41 EF 7A
RX,10:10:51.440,0x101,32,58 40 40 28 6C 01 1A 01 00 43 00 00 00 FF 7F 51 78 FF 7F 75 55 FF 7F FF 7F 12 01 4C BC E7 40 1A
TX,10:10:51.466,0x300,12,40 00 40 28 1C 01 06 01 00 41 EF 7A
RX,10:10:51.486,0x101,32,59 40 40 28 6C 01 1A 01 00 43 00 00 00 FF 7F 51 78 FF 7F 75 55 FF 7F FF 7F 12 02 4C BC E8 40 1A
TX,10:10:51.509,0x300,12,40 00 40 28 1C 01 06 01 00 41 EF 7A
RX,10:10:51.529,0x101,32,5A 40 40 28 6C 01 1A 01 00 43 00 00 00 FF 7F 51 78 FF 7F 75 55 FF 7F FF 7F 12 01 4C BC E7 40 1A
TX,10:10:51.554,0x300,12,40 00 40 28 1C 01 06 01 00 41 EF 7A
RX,10:10:51.575,0x101,32,5B 40 40 28 6C 01 1A 01 00 43 00 00 00 FF 7F 51 78 FF 7F 75 55 FF 7F FF 7F 12 01 4C BC E7 40 1A
TX,10:10:51.595,0x300,12,40 00 40 28 1C 01 06 01 00 41 EF 7A
RX,10:10:51.616,0x101,32,5C 40 40 28 6C 01 1A 01 00 43 00 00 00 FF 7F 51 78 FF 7F 75 55 FF 7F FF 7F 12 01 4C BC E7 40 1A
TX,10:10:51.639,0x300,12,40 00 40 28 1C 01 06 01 00 41 EF 7A
RX,10:10:51.660,0x101,32,5D 40 40 28 6C 01 1A 01 00 43 00 00 00 FF 7F 51 78 FF 7F 75 55 FF 7F FF 7F 12 01 4C BC E7 40 1A
TX,10:10:51.685,0x300,12,40 00 40 28 1C 01 06 01 00 41 EF 7A
RX,10:10:51.705,0x101,32,5E 40 40 28 6C 01 1A 01 00 43 00 00 00 FF 7F 51 78 FF 7F 75 55 FF 7F FF 7F 12 01 4C BC E7 40 1A
TX,10:10:51.727,0x300,12,40 00 40 28 1C 01 06 01 00 41 EF 7A
RX,10:10:51.747,0x101,32,5F 40 40 28 6C 01 1A 01 00 43 00 00 00 FF 7F 51 78 FF 7F 75 55 FF 7F FF 7F 12 01 4C BC E7 40 1A
TX,10:10:51.772,0x300,6,40 40 40 08 04 01
TX,10:10:51.792,0x300,12,40 40 00 09 1C 01 00 01 10 42 10 20
TX,10:10:51.813,0x300,12,40 00 40 28 1C 01 06 01 00 41 EF 7A
RX,10:10:51.834,0x101,32,60 40 40 38 6C 01 1A 01 00 43 00 00 00 FF 7F 51 78 FF 7F 75 55 FF 7F FF 7F 12 00 4C BC E6 40 1A
RX,10:10:51.855,0x101,16,61 40 00 39 24 01 00 01 10 42 10 20 03 00 01 20
RX,10:10:51.876,0x101,32,62 40 40 28 6C 01 1A 01 00 43 00 00 00 FF 7F 51 78 FF 7F 75 55 FF 7F FF 7F 12 FF 4B BC E5 40 1A
TX,10:10:51.901,0x300,12,40 00 40 28 1C 01 06 01 00 41 EF 7A
RX,10:10:51.923,0x101,32,63 40 40 28 6C 01 1A 01 00 43 00 00 00 FF 7F 51 78 FF 7F 75 55 FF 7F FF 7F 12 FE 4B BC E4 40 1A
TX,10:10:51.950,0x300,12,40 00 40 28 1C 01 06 01 00 41 EF 7A
RX,10:10:51.972,0x101,32,64 40 40 28 6C 01 1A 01 00 43 00 00 00 FF 7F 51 78 FF 7F 75 55 FF 7F FF 7F 12 FE 4B BC E4 40 1A
TX,10:10:51.992,0x300,12,40 00 40 28 1C 01 06 01 00 41 EF 7A
RX,10:10:52.011,0x101,32,65 40 40 28 6C 01 1A 01 00 43 00 00 00 FF 7F 51 78 FF 7F 75 55 FF 7F FF 7F 12 FD 4B BC E3 40 1A
TX,10:10:52.034,0x300,12,40 00 40 28 1C 01 06 01 00 41 EF 7A
RX,10:10:52.054,0x101,32,66 40 40 28 6C 01 1A 01 00 43 00 00 00 FF 7F 51 78 FF 7F 75 55 FF 7F FF 7F 12 FC 4B BC E2 40 1A
TX,10:10:52.079,0x300,12,40 00 40 28 1C 01 06 01 00 41 EF 7A
RX,10:10:52.099,0x101,32,67 40 40 28 6C 01 1A 01 00 43 00 00 00 FF 7F 51 78 FF 7F 75 55 FF 7F FF 7F 12 FC 4B BC E2 40 1A
TX,10:10:52.127,0x300,12,40 00 40 28 1C 01 06 01 00 41 EF 7A
RX,10:10:52.147,0x101,32,68 40 40 28 6C 01 1A 01 00 43 00 00 00 FF 7F 51 78 FF 7F 75 55 FF 7F FF 7F 12 FB 4B BC E1 40 1A
TX,10:10:52.173,0x300,12,40 00 40 28 1C 01 06 01 00 41 EF 7A
RX,10:10:52.193,0x101,32,69 40 40 28 6C 01 1A 01 00 43 00 00 00 FF 7F 51 78 FF 7F 75 55 FF 7F FF 7F 12 FB 4B BC E1 40 1A
TX,10:10:52.217,0x300,12,40 00 40 28 1C 01 06 01 00 41 EF 7A
RX,10:10:52.236,0x101,32,6A 40 40 28 6C 01 1A 01 00 43 00 00 00 FF 7F 51 78 FF 7F 75 55 FF 7F FF 7F 12 FB 4B BC E1 40 1A
TX,10:10:52.259,0x300,12,40 00 40 28 1C 01 06 01 00 41 EF 7A
RX,10:10:52.279,0x101,32,6B 40 40 28 6C 01 1A 01 00 43 00 00 00 FF 7F 51 78 FF 7F 75 55 FF 7F FF 7F 12 FB 4B BC E1 40 1A
TX,10:10:52.299,0x300,6,40 40 40 08 04 01
TX,10:10:52.319,0x300,12,40 40 00 09 1C 01 00 01 10 42 10 20
TX,10:10:52.339,0x300,12,40 00 40 28 1C 01 06 01 00 41 EF 7A
RX,10:10:52.358,0x101,32,6C 40 40 38 6C 01 1A 01 00 43 00 00 00 FF 7F 51 78 FF 7F 75 55 FF 7F FF 7F 12 FA 4B BC E0 40 1A
RX,10:10:52.379,0x101,16,6D 40 00 39 24 01 00 01 10 42 10 20 03 00 01 20
RX,10:10:52.399,0x101,32,6E 40 40 28 6C 01 1A 01 00 43 00 00 00 FF 7F 51 78 FF 7F 75 55 FF 7F FF 7F 12 FB 4B BC E1 40 1A
TX,10:10:52.429,0x300,12,40 00 40 28 1C 01 06 01 00 41 EF 7A
RX,10:10:52.450,0x101,32,6F 40 40 28 6C 01 1A 01 00 43 00 00 00 FF 7F 51 78 FF 7F 75 55 FF 7F FF 7F 12 FA 4B BC E0 40 1A
TX,10:10:52.476,0x300,12,40 00 40 28 1C 01 06 01 00 41 EF 7A
RX,10:10:52.496,0x101,32,70 40 40 28 6C 01 1A 01 00 43 00 00 00 FF 7F 51 78 FF 7F 75 55 FF 7F FF 7F 12 FA 4B BC E0 40 1A
TX,10:10:52.516,0x300,12,40 00 40 28 1C 01 06 01 00 41 EF 7A
RX,10:10:52.536,0x101,32,71 40 40 28 6C 01 1A 01 00 43 00 00 00 FF 7F 51 78 FF 7F 75 55 FF 7F FF 7F 12 FA 4B BC E0 40 1A
TX,10:10:52.560,0x300,12,40 00 40 28 1C 01 06 01 00 41 EF 7A
RX,10:10:52.581,0x101,32,72 40 40 28 6C 01 1A 01 00 43 00 00 00 FF 7F 51 78 FF 7F 75 55 FF 7F FF 7F 12 FA 4B BC E0 40 1A
TX,10:10:52.603,0x300,12,40 00 40 28 1C 01 06 01 00 41 EF 7A
RX,10:10:52.623,0x101,32,73 40 40 28 6C 01 1A 01 00 43 00 00 00 FF 7F 51 78 FF 7F 75 55 FF 7F FF 7F 12 FA 4B BC E0 40 1A
TX,10:10:52.647,0x300,12,40 00 40 28 1C 01 06 01 00 41 EF 7A
RX,10:10:52.667,0x101,32,74 40 40 28 6C 01 1A 01 00 43 00 00 00 FF 7F 51 78 FF 7F 75 55 FF 7F FF 7F 12 FA 4B BC E0 40 1A
TX,10:10:52.687,0x300,12,40 00 40 28 1C 01 06 01 00 41 EF 7A
RX,10:10:52.707,0x101,32,75 40 40 28 6C 01 1A 01 00 43 00 00 00 FF 7F 51 78 FF 7F 75 55 FF 7F FF 7F 12 F9 4B BC DF 40 1A
TX,10:10:52.731,0x300,12,40 00 40 28 1C 01 06 01 00 41 EF 7A
RX,10:10:52.751,0x101,32,76 40 40 28 6C 01 1A 01 00 43 00 00 00 FF 7F 51 78 FF 7F 75 55 FF 7F FF 7F 12 F9 4B BC DF 40 1A
TX,10:10:52.772,0x300,6,40 40 40 08 04 01
TX,10:10:52.792,0x300,12,40 40 00 09 1C 01 00 01 10 42 10 20
TX,10:10:52.812,0x300,12,40 00 40 28 1C 01 06 01 00 41 EF 7A
RX,10:10:52.833,0x101,32,77 40 40 38 6C 01 1A 01 00 43 00 00 00 FF 7F 51 78 FF 7F 75 55 FF 7F FF 7F 12 F9 4B BC DF 40 1A
RX,10:10:52.853,0x101,16,78 40 00 39 24 01 00 01 10 42 10 20 03 00 01 20
RX,10:10:52.874,0x101,32,79 40 40 28 6C 01 1A 01 00 43 00 00 00 FF 7F 51 78 FF 7F 75 55 FF 7F FF 7F 12 F9 4B BC DF 40 1A
TX,10:10:52.899,0x300,12,40 00 40 28 1C 01 06 01 00 41 EF 7A
RX,10:10:52.920,0x101,32,7A 40 40 28 6C 01 1A 01 00 43 00 00 00 FF 7F 51 78 FF 7F 75 55 FF 7F FF 7F 12 F9 4B BC DF 40 1A
TX,10:10:52.946,0x300,12,40 00 40 28 1C 01 06 01 00 41 EF 7A
RX,10:10:52.967,0x101,32,7B 40 40 28 6C 01 1A 01 00 43 00 00 00 FF 7F 51 78 FF 7F 75 55 FF 7F FF 7F 12 F9 4B BC DF 40 1A
TX,10:10:52.987,0x300,12,40 00 40 28 1C 01 06 01 00 41 EF 7A
RX,10:10:53.010,0x101,32,7C 40 40 28 6C 01 1A 01 00 43 00 00 00 FF 7F 51 78 FF 7F 75 55 FF 7F FF 7F 12 F9 4B BC DF 40 1A
TX,10:10:53.033,0x300,12,40 00 40 28 1C 01 06 01 00 41 EF 7A
RX,10:10:53.052,0x101,32,7D 40 40 28 6C 01 1A 01 00 43 00 00 00 FF 7F 51 78 FF 7F 75 55 FF 7F FF 7F 12 F9 4B BC DF 40 1A
TX,10:10:53.073,0x300,12,40 00 40 28 1C 01 06 01 00 41 EF 7A
RX,10:10:53.094,0x101,32,7E 40 40 28 6C 01 1A 01 00 43 00 00 00 FF 7F 51 78 FF 7F 75 55 FF 7F FF 7F 12 F9 4B BC DF 40 1A
TX,10:10:53.117,0x300,12,40 00 40 28 1C 01 06 01 00 41 EF 7A
RX,10:10:53.137,0x101,32,7F 40 40 28 6C 01 1A 01 00 43 00 00 00 FF 7F 51 78 FF 7F 75 55 FF 7F FF 7F 12 F8 4B BC DE 40 1A
TX,10:10:53.162,0x300,12,40 00 40 28 1C 01 06 01 00 41 EF 7A
RX,10:10:53.184,0x101,32,40 40 40 28 6C 01 1A 01 00 43 00 00 00 FF 7F 51 78 FF 7F 75 55 FF 7F FF 7F 12 F8 4B BC DE 40 1A
TX,10:10:53.207,0x300,12,40 00 40 28 1C 01 06 01 00 41 EF 7A
RX,10:10:53.227,0x101,32,41 40 40 28 6C 01 1A 01 00 43 00 00 00 FF 7F 51 78 FF 7F 75 55 FF 7F FF 7F 12 F8 4B BC DE 40 1A
TX,10:10:53.249,0x300,12,40 00 40 28 1C 01 06 01 00 41 EF 7A
RX,10:10:53.269,0x101,32,42 40 40 28 6C 01 1A 01 00 43 00 00 00 FF 7F 51 78 FF 7F 75 55 FF 7F FF 7F 12 F8 4B BC DE 40 1A
TX,10:10:53.290,0x300,6,40 40 40 08 04 01
TX,10:10:53.309,0x300,12,40 40 00 09 1C 01 00 01 10 42 10 20
TX,10:10:53.333,0x300,12,40 00 40 28 1C 01 06 01 00 41 EF 7A
RX,10:10:53.353,0x101,32,43 40 40 38 6C 01 1A 01 00 43 00 00 00 FF 7F 51 78 FF 7F 75 55 FF 7F FF 7F 12 F7 4B BC DD 40 1A
RX,10:10:53.373,0x101,16,44 40 00 39 24 01 00 01 10 42 10 20 03 00 01 20
RX,10:10:53.392,0x101,32,45 40 40 28 6C 01 1A 01 00 43 00 00 00 FF 7F 51 78 FF 7F 75 55 FF 7F FF 7F 12 F7 4B BC DD 40 1A
TX,10:10:53.416,0x300,12,40 00 40 28 1C 01 06 01 00 41 EF 7A
RX,10:10:53.437,0x101,32,46 40 40 28 6C 01 1A 01 00 43 00 00 00 FF 7F 51 78 FF 7F 75 55 FF 7F FF 7F 12 F7 4B BC DD 40 1A
TX,10:10:53.460,0x300,12,40 00 40 28 1C 01 06 01 00 41 EF 7A
RX,10:10:53.481,0x101,32,47 40 40 28 6C 01 1A 01 00 43 00 00 00 FF 7F 51 78 FF 7F 75 55 FF 7F FF 7F 12 F7 4B BC DD 40 1A
TX,10:10:53.500,0x300,12,40 00 40 28 1C 01 06 01 00 41 EF 7A
RX,10:10:53.520,0x101,32,48 40 40 28 6C 01 1A 01 00 43 00 00 00 FF 7F 51 78 FF 7F 75 55 FF 7F FF 7F 12 F6 4B BC DC 40 1A
TX,10:10:53.544,0x300,12,40 00 40 28 1C 01 06 01 00 41 EF 7A
RX,10:10:53.564,0x101,32,49 40 40 28 6C 01 1A 01 00 43 00 00 00 FF 7F 51 78 FF 7F 75 55 FF 7F FF 7F 12 F6 4B BC DC 40 1A
TX,10:10:53.585,0x300,12,40 00 40 28 1C 01 06 01 00 41 EF 7A
RX,10:10:53.606,0x101,32,4A 40 40 28 6C 01 1A 01 00 43 00 00 00 FF 7F 51 78 FF 7F 75 55 FF 7F FF 7F 12 F6 4B BC DC 40 1A
TX,10:10:53.634,0x300,12,40 00 40 28 1C 01 06 01 00 41 EF 7A
RX,10:10:53.653,0x101,32,4B 40 40 28 6C 01 1A 01 00 43 00 00 00 FF 7F 51 78 FF 7F 75 55 FF 7F FF 7F 12 F6 4B BC DC 40 1A
TX,10:10:53.677,0x300,12,40 00 40 28 1C 01 06 01 00 41 EF 7A
RX,10:10:53.697,0x101,32,4C 40 40 28 6C 01 1A 01 00 43 00 00 00 FF 7F 51 78 FF 7F 75 55 FF 7F FF 7F 12 F6 4B BC DC 40 1A
TX,10:10:53.717,0x300,12,40 00 40 28 1C 01 06 01 00 41 EF 7A
RX,10:10:53.736,0x101,32,4D 40 40 28 6C 01 1A 01 00 43 00 00 00 FF 7F 51 78 FF 7F 75 55 FF 7F FF 7F 12 F5 4B BC DB 40 1A
TX,10:10:53.757,0x300,12,40 00 40 28 1C 01 06 01 00 41 EF 7A
RX,10:10:53.778,0x101,32,4E 40 40 28 6C 01 1A 01 00 43 00 00 00 FF 7F 51 78 FF 7F 75 55 FF 7F FF 7F 12 F5 4B BC DB 40 1A
TX,10:10:53.800,0x300,6,40 40 40 08 04 01
TX,10:10:53.821,0x300,12,40 40 00 09 1C 01 00 01 10 42 10 20
TX,10:10:53.842,0x300,12,40 00 40 28 1C 01 06 01 00 41 EF 7A
RX,10:10:53.862,0x101,32,4F 40 40 38 6C 01 1A 01 00 43 00 00 00 FF 7F 51 78 FF 7F 75 55 FF 7F FF 7F 12 F5 4B BC DB 40 1A
RX,10:10:53.883,0x101,16,50 40 00 39 24 01 00 01 10 42 10 20 03 00 01 20
RX,10:10:53.905,0x101,32,51 40 40 28 6C 01 1A 01 00 43 00 00 00 FF 7F 51 78 FF 7F 75 55 FF 7F FF 7F 12 F5 4B BC DB 40 1A
TX,10:10:53.931,0x300,12,40 00 40 28 1C 01 06 01 00 41 EF 7A
RX,10:10:53.952,0x101,32,52 40 40 28 6C 01 1A 01 00 43 00 00 00 FF 7F 51 78 FF 7F 75 55 FF 7F FF 7F 12 F4 4B BC DA 40 1A
TX,10:10:53.976,0x300,12,40 00 40 28 1C 01 06 01 00 41 EF 7A
RX,10:10:53.997,0x101,32,53 40 40 28 6C 01 1A 01 00 43 00 00 00 FF 7F 51 78 FF 7F 75 55 FF 7F FF 7F 12 F5 4B BC DB 40 1A
TX,10:10:54.017,0x300,12,40 00 40 28 1C 01 06 01 00 41 EF 7A
RX,10:10:54.038,0x101,32,54 40 40 28 6C 01 1A 01 00 43 00 00 00 FF 7F 51 78 FF 7F 75 55 FF 7F FF 7F 12 F4 4B BC DA 40 1A
TX,10:10:54.062,0x300,12,40 00 40 28 1C 01 06 01 00 41 EF 7A
RX,10:10:54.082,0x101,32,55 40 40 28 6C 01 1A 01 00 43 00 00 00 FF 7F 51 78 FF 7F 75 55 FF 7F FF 7F 12 F4 4B BC DA 40 1A
TX,10:10:54.101,0x300,12,40 00 40 28 1C 01 06 01 00 41 EF 7A
RX,10:10:54.121,0x101,32,56 40 40 28 6C 01 1A 01 00 43 00 00 00 FF 7F 51 78 FF 7F 75 55 FF 7F FF 7F 12 F4 4B BC DA 40 1A
TX,10:10:54.145,0x300,12,40 00 40 28 1C 01 06 01 00 41 EF 7A
RX,10:10:54.165,0x101,32,57 40 40 28 6C 01 1A 01 00 43 00 00 00 FF 7F 51 78 FF 7F 75 55 FF 7F FF 7F 12 F4 4B BC DA 40 1A
TX,10:10:54.191,0x300,12,40 00 40 28 1C 01 06 01 00 41 EF 7A
RX,10:10:54.210,0x101,32,58 40 40 28 6C 01 1A 01 00 43 00 00 00 FF 7F 51 78 FF 7F 75 55 FF 7F FF 7F 12 F4 4B BC DA 40 1A
TX,10:10:54.230,0x300,12,40 00 40 28 1C 01 06 01 00 41 EF 7A
RX,10:10:54.250,0x101,32,59 40 40 28 6C 01 1A 01 00 43 00 00 00 FF 7F 51 78 FF 7F 75 55 FF 7F FF 7F 12 F4 4B BC DA 40 1A
TX,10:10:54.271,0x300,6,40 40 40 08 04 01
TX,10:10:54.291,0x300,12,40 40 00 09 1C 01 00 01 10 42 10 20
TX,10:10:54.310,0x300,12,40 00 40 28 1C 01 06 01 00 41 EF 7A
RX,10:10:54.329,0x101,32,5A 40 40 38 6C 01 1A 01 00 43 00 00 00 FF 7F 51 78 FF 7F 75 55 FF 7F FF 7F 12 F5 4B BC DB 40 1A
RX,10:10:54.349,0x101,16,5B 40 00 39 24 01 00 01 10 42 10 20 03 00 01 20
RX,10:10:54.369,0x101,32,5C 40 40 28 6C 01 1A 01 00 43 00 00 00 FF 7F 51 78 FF 7F 75 55 FF 7F FF 7F 12 F5 4B BC DB 40 1A
TX,10:10:54.393,0x300,12,40 00 40 28 1C 01 06 01 00 41 EF 7A
RX,10:10:54.413,0x101,32,5D 40 40 28 6C 01 1A 01 00 43 00 00 00 FF 7F 51 78 FF 7F 75 55 FF 7F FF 7F 12 F4 4B BC DA 40 1A
TX,10:10:54.435,0x300,12,40 00 40 28 1C 01 06 01 00 41 EF 7A
RX,10:10:54.456,0x101,32,5E 40 40 28 6C 01 1A 01 00 43 00 00 00 FF 7F 51 78 FF 7F 75 55 FF 7F FF 7F 12 F4 4B BC DA 40 1A
TX,10:10:54.477,0x300,12,40 00 40 28 1C 01 06 01 00 41 EF 7A
RX,10:10:54.496,0x101,32,5F 40 40 28 6C 01 1A 01 00 43 00 00 00 FF 7F 51 78 FF 7F 75 55 FF 7F FF 7F 12 F3 4B BC D9 40 1A
TX,10:10:54.520,0x300,12,40 00 40 28 1C 01 06 01 00 41 EF 7A
RX,10:10:54.539,0x101,32,60 40 40 28 6C 01 1A 01 00 43 00 00 00 FF 7F 51 78 FF 7F 75 55 FF 7F FF 7F 12 F4 4B BC DA 40 1A
TX,10:10:54.561,0x300,12,40 00 40 28 1C 01 06 01 00 41 EF 7A
RX,10:10:54.581,0x101,32,61 40 40 28 6C 01 1A 01 00 43 00 00 00 FF 7F 51 78 FF 7F 75 55 FF 7F FF 7F 12 F4 4B BC DA 40 1A
TX,10:10:54.603,0x300,12,40 00 40 28 1C 01 06 01 00 41 EF 7A
RX,10:10:54.623,0x101,32,62 40 40 28 6C 01 1A 01 00 43 00 00 00 FF 7F 51 78 FF 7F 75 55 FF 7F FF 7F 12 F4 4B BC DA 40 1A
TX,10:10:54.644,0x300,12,40 00 40 28 1C 01 06 01 00 41 EF 7A
RX,10:10:54.663,0x101,32,63 40 40 28 6C 01 1A 01 00 43 00 00 00 FF 7F 51 78 FF 7F 75 55 FF 7F FF 7F 12 F4 4B BC DA 40 1A
TX,10:10:54.686,0x300,12,40 00 40 28 1C 01 06 01 00 41 EF 7A
RX,10:10:54.705,0x101,32,64 40 40 28 6C 01 1A 01 00 43 00 00 00 FF 7F 51 78 FF 7F 75 55 FF 7F FF 7F 12 F3 4B BC D9 40 1A
TX,10:10:54.724,0x300,12,40 00 40 28 1C 01 06 01 00 41 EF 7A
RX,10:10:54.744,0x101,32,65 40 40 28 6C 01 1A 01 00 43 00 00 00 FF 7F 51 78 FF 7F 75 55 FF 7F FF 7F 12 F3 4B BC D9 40 1A
TX,10:10:54.767,0x300,6,40 40 40 08 04 01
TX,10:10:54.787,0x300,12,40 40 00 09 1C 01 00 01 10 42 10 20
TX,10:10:54.807,0x300,12,40 00 40 28 1C 01 06 01 00 41 EF 7A
RX,10:10:54.826,0x101,32,66 40 40 38 6C 01 1A 01 00 43 00 00 00 FF 7F 51 78 FF 7F 75 55 FF 7F FF 7F 12 F3 4B BC D9 40 1A
RX,10:10:54.846,0x101,16,67 40 00 39 24 01 00 01 10 42 10 20 03 00 01 20
RX,10:10:54.866,0x101,32,68 40 40 28 6C 01 1A 01 00 43 00 00 00 FF 7F 51 78 FF 7F 75 55 FF 7F FF 7F 12 F3 4B BC D9 40 1A
TX,10:10:54.888,0x300,12,40 00 40 28 1C 01 06 01 00 41 EF 7A
RX,10:10:54.910,0x101,32,69 40 40 28 6C 01 1A 01 00 43 00 00 00 FF 7F 51 78 FF 7F 75 55 FF 7F FF 7F 12 F3 4B BC D9 40 1A
TX,10:10:54.935,0x300,12,40 00 40 28 1C 01 06 01 00 41 EF 7A
RX,10:10:54.955,0x101,32,6A 40 40 28 6C 01 1A 01 00 43 00 00 00 FF 7F 51 78 FF 7F 75 55 FF 7F FF 7F 12 F3 4B BC D9 40 1A
TX,10:10:54.975,0x300,12,40 00 40 28 1C 01 06 01 00 41 EF 7A
RX,10:10:54.995,0x101,32,6B 40 40 28 6C 01 1A 01 00 43 00 00 00 FF 7F 51 78 FF 7F 75 55 FF 7F FF 7F 12 F3 4B BC D9 40 1A
TX,10:10:55.020,0x300,12,40 00 40 28 1C 01 06 01 00 41 EF 7A
RX,10:10:55.041,0x101,32,6C 40 40 28 6C 01 1A 01 00 43 00 00 00 FF 7F 51 78 FF 7F 75 55 FF 7F FF 7F 12 F3 4B BC D9 40 1A
TX,10:10:55.061,0x300,12,40 00 40 28 1C 01 06 01 00 41 EF 7A
RX,10:10:55.081,0x101,32,6D 40 40 28 6C 01 1A 01 00 43 00 00 00 FF 7F 51 78 FF 7F 75 55 FF 7F FF 7F 12 F3 4B BC D9 40 1A
TX,10:10:55.105,0x300,12,40 00 40 28 1C 01 06 01 00 41 EF 7A
RX,10:10:55.124,0x101,32,6E 40 40 28 6C 01 1A 01 00 43 00 00 00 FF 7F 51 78 FF 7F 75 55 FF 7F FF 7F 12 F3 4B BC D9 40 1A
TX,10:10:55.149,0x300,12,40 00 40 28 1C 01 06 01 00 41 EF 7A
RX,10:10:55.170,0x101,32,6F 40 40 28 6C 01 1A 01 00 43 00 00 00 FF 7F 51 78 FF 7F 75 55 FF 7F FF 7F 12 F3 4B BC D9 40 1A
TX,10:10:55.190,0x300,12,40 00 40 28 1C 01 06 01 00 41 EF 7A
RX,10:10:55.210,0x101,32,70 40 40 28 6C 01 1A 01 00 43 00 00 00 FF 7F 51 78 FF 7F 75 55 FF 7F FF 7F 12 F2 4B BC D8 40 1A
TX,10:10:55.235,0x300,12,40 00 40 28 1C 01 06 01 00 41 EF 7A
RX,10:10:55.255,0x101,32,71 40 40 28 6C 01 1A 01 00 43 00 00 00 FF 7F 51 78 FF 7F 75 55 FF 7F FF 7F 12 F2 4B BC D8 40 1A
TX,10:10:55.275,0x300,6,40 40 40 08 04 01
TX,10:10:55.294,0x300,12,40 40 00 09 1C 01 00 01 10 42 10 20
TX,10:10:55.315,0x300,12,40 00 40 28 1C 01 06 01 00 41 EF 7A
RX,10:10:55.335,0x101,32,72 40 40 38 6C 01 1A 01 00 43 00 00 00 FF 7F 51 78 FF 7F 75 55 FF 7F FF 7F 12 F2 4B BC D8 40 1A
RX,10:10:55.354,0x101,16,73 40 00 39 24 01 00 01 10 42 10 20 03 00 01 20
RX,10:10:55.374,0x101,32,74 40 40 28 6C 01 1A 01 00 43 00 00 00 FF 7F 51 78 FF 7F 75 55 FF 7F FF 7F 12 F2 4B BC D8 40 1A
TX,10:10:55.400,0x300,12,40 00 40 28 1C 01 06 01 00 41 EF 7A
RX,10:10:55.423,0x101,32,75 40 40 28 6C 01 1A 01 00 43 00 00 00 FF 7F 51 78 FF 7F 75 55 FF 7F FF 7F 12 F2 4B BC D8 40 1A
TX,10:10:55.447,0x300,12,40 00 40 28 1C 01 06 01 00 41 EF 7A
RX,10:10:55.468,0x101,32,76 40 40 28 6C 01 1A 01 00 43 00 00 00 FF 7F 51 78 FF 7F 75 55 FF 7F FF 7F 12 F2 4B BC D8 40 1A
TX,10:10:55.489,0x300,12,40 00 40 28 1C 01 06 01 00 41 EF 7A
RX,10:10:55.510,0x101,32,77 40 40 28 6C 01 1A 01 00 43 00 00 00 FF 7F 51 78 FF 7F 75 55 FF 7F FF 7F 12 F2 4B BC D8 40 1A
TX,10:10:55.533,0x300,12,40 00 40 28 1C 01 06 01 00 41 EF 7A
RX,10:10:55.554,0x101,32,78 40 40 28 6C 01 1A 01 00 43 00 00 00 FF 7F 51 78 FF 7F 75 55 FF 7F FF 7F 12 F2 4B BC D8 40 1A
TX,10:10:55.576,0x300,12,40 00 40 28 1C 01 06 01 00 41 EF 7A
RX,10:10:55.598,0x101,32,79 40 40 28 6C 01 1A 01 00 43 00 00 00 FF 7F 51 78 FF 7F 75 55 FF 7F FF 7F 12 F2 4B BC D8 40 1A
TX,10:10:55.623,0x300,12,40 00 40 28 1C 01 06 01 00 41 EF 7A
RX,10:10:55.645,0x101,32,7A 40 40 28 6C 01 1A 01 00 43 00 00 00 FF 7F 51 78 FF 7F 75 55 FF 7F FF 7F 12 F1 4B BC D7 40 1A
TX,10:10:55.669,0x300,12,40 00 40 28 1C 01 06 01 00 41 EF 7A
RX,10:10:55.692,0x101,32,7B 40 40 28 6C 01 1A 01 00 43 00 00 00 FF 7F 51 78 FF 7F 75 55 FF 7F FF 7F 12 F1 4B BC D7 40 1A
TX,10:10:55.715,0x300,12,40 00 40 28 1C 01 06 01 00 41 EF 7A
RX,10:10:55.738,0x101,32,7C 40 40 28 6C 01 1A 01 00 43 00 00 00 FF 7F 51 78 FF 7F 75 55 FF 7F FF 7F 12 F1 4B BC D7 40 1A
TX,10:10:55.765,0x300,6,40 40 40 08 04 01
TX,10:10:55.787,0x300,12,40 40 00 09 1C 01 00 01 10 42 10 20
TX,10:10:55.808,0x300,12,40 00 40 28 1C 01 06 01 00 41 EF 7A
RX,10:10:55.829,0x101,32,7D 40 40 38 6C 01 1A 01 00 43 00 00 00 FF 7F 51 78 FF 7F 75 55 FF 7F FF 7F 12 F1 4B BC D7 40 1A
RX,10:10:55.850,0x101,16,7E 40 00 39 24 01 00 01 10 42 10 20 03 00 01 20
RX,10:10:55.871,0x101,32,7F 40 40 28 6C 01 1A 01 00 43 00 00 00 FF 7F 51 78 FF 7F 75 55 FF 7F FF 7F 12 F1 4B BC D7 40 1A
TX,10:10:55.894,0x300,12,40 00 40 28 1C 01 06 01 00 41 EF 7A
RX,10:10:55.913,0x101,32,40 40 40 28 6C 01 1A 01 00 43 00 00 00 FF 7F 51 78 FF 7F 75 55 FF 7F FF 7F 12 F1 4B BC D7 40 1A
TX,10:10:55.938,0x300,12,40 00 40 28 1C 01 06 01 00 41 EF 7A
RX,10:10:55.960,0x101,32,41 40 40 28 6C 01 1A 01 00 43 00 00 00 FF 7F 51 78 FF 7F 75 55 FF 7F FF 7F 12 F1 4B BC D7 40 1A
TX,10:10:55.981,0x300,12,40 00 40 28 1C 01 06 01 00 41 EF 7A
RX,10:10:56.002,0x101,32,42 40 40 28 6C 01 1A 01 00 43 00 00 00 FF 7F 51 78 FF 7F 75 55 FF 7F FF 7F 12 F1 4B BC D7 40 1A
TX,10:10:56.026,0x300,12,40 00 40 28 1C 01 06 01 00 41 EF 7A
RX,10:10:56.050,0x101,32,43 40 40 28 6C 01 1A 01 00 43 00 00 00 FF 7F 51 78 FF 7F 75 55 FF 7F FF 7F 12 F1 4B BC D7 40 1A
TX,10:10:56.073,0x300,12,40 00 40 28 1C 01 06 01 00 41 EF 7A
RX,10:10:56.093,0x101,32,44 40 40 28 6C 01 1A 01 00 43 00 00 00 FF 7F 51 78 FF 7F 75 55 FF 7F FF 7F 12 F0 4B BC D6 40 1A
TX,10:10:56.117,0x300,12,40 00 40 28 1C 01 06 01 00 41 EF 7A
RX,10:10:56.137,0x101,32,45 40 40 28 6C 01 1A 01 00 43 00 00 00 FF 7F 51 78 FF 7F 75 55 FF 7F FF 7F 12 F0 4B BC D6 40 1A
TX,10:10:56.161,0x300,12,40 00 40 28 1C 01 06 01 00 41 EF 7A
RX,10:10:56.181,0x101,32,46 40 40 28 6C 01 1A 01 00 43 00 00 00 FF 7F 51 78 FF 7F 75 55 FF 7F FF 7F 12 F0 4B BC D6 40 1A
TX,10:10:56.201,0x300,12,40 00 40 28 1C 01 06 01 00 41 EF 7A
RX,10:10:56.221,0x101,32,47 40 40 28 6C 01 1A 01 00 43 00 00 00 FF 7F 51 78 FF 7F 75 55 FF 7F FF 7F 12 F0 4B BC D6 40 1A
TX,10:10:56.243,0x300,12,40 00 40 28 1C 01 06 01 00 41 EF 7A
RX,10:10:56.262,0x101,32,48 40 40 28 6C 01 1A 01 00 43 00 00 00 FF 7F 51 78 FF 7F 75 55 FF 7F FF 7F 12 EF 4B BC D5 40 1A
TX,10:10:56.283,0x300,6,40 40 40 08 04 01
TX,10:10:56.303,0x300,12,40 40 00 09 1C 01 00 01 10 42 10 20
TX,10:10:56.322,0x300,12,40 00 40 28 1C 01 06 01 00 41 EF 7A
RX,10:10:56.342,0x101,32,49 40 40 38 6C 01 1A 01 00 43 00 00 00 FF 7F 51 78 FF 7F 75 55 FF 7F FF 7F 12 EF 4B BC D5 40 1A
RX,10:10:56.362,0x101,16,4A 40 00 39 24 01 00 01 10 42 10 20 03 00 01 20
RX,10:10:56.381,0x101,32,4B 40 40 28 6C 01 1A 01 00 43 00 00 00 FF 7F 51 78 FF 7F 75 55 FF 7F FF 7F 12 EF 4B BC D5 40 1A
TX,10:10:56.405,0x300,12,40 00 40 28 1C 01 06 01 00 41 EF 7A
RX,10:10:56.424,0x101,32,4C 40 40 28 6C 01 1A 01 00 43 00 00 00 FF 7F 51 78 FF 7F 75 55 FF 7F FF 7F 12 EF 4B BC D5 40 1A
TX,10:10:56.450,0x300,12,40 00 40 28 1C 01 06 01 00 41 EF 7A
RX,10:10:56.472,0x101,32,4D 40 40 28 6C 01 1A 01 00 43 00 00 00 FF 7F 51 78 FF 7F 75 55 FF 7F FF 7F 12 EF 4B BC D5 40 1A
TX,10:10:56.494,0x300,12,40 00 40 28 1C 01 06 01 00 41 EF 7A
RX,10:10:56.515,0x101,32,4E 40 40 28 6C 01 1A 01 00 43 00 00 00 FF 7F 51 78 FF 7F 75 55 FF 7F FF 7F 12 EE 4B BC D4 40 1A
TX,10:10:56.537,0x300,12,40 00 40 28 1C 01 06 01 00 41 EF 7A
RX,10:10:56.556,0x101,32,4F 40 40 28 6C 01 1A 01 00 43 00 00 00 FF 7F 51 78 FF 7F 75 55 FF 7F FF 7F 12 EE 4B BC D4 40 1A
TX,10:10:56.576,0x300,12,40 00 40 28 1C 01 06 01 00 41 EF 7A
RX,10:10:56.596,0x101,32,50 40 40 28 6C 01 1A 01 00 43 00 00 00 FF 7F 51 78 FF 7F 75 55 FF 7F FF 7F 12 EE 4B BC D4 40 1A
TX,10:10:56.622,0x300,12,40 00 40 28 1C 01 06 01 00 41 EF 7A
RX,10:10:56.643,0x101,32,51 40 40 28 6C 01 1A 01 00 43 00 00 00 FF 7F 51 78 FF 7F 75 55 FF 7F FF 7F 12 EE 4B BC D4 40 1A
TX,10:10:56.670,0x300,12,40 00 40 28 1C 01 06 01 00 41 EF 7A
RX,10:10:56.689,0x101,32,52 40 40 28 6C 01 1A 01 00 43 00 00 00 FF 7F 51 78 FF 7F 75 55 FF 7F FF 7F 12 EF 4B BC D5 40 1A
TX,10:10:56.710,0x300,12,40 00 40 28 1C 01 06 01 00 41 EF 7A
RX,10:10:56.732,0x101,32,53 40 40 28 6C 01 1A 01 00 43 00 00 00 FF 7F 51 78 FF 7F 75 55 FF 7F FF 7F 12 EF 4B BC D5 40 1A
TX,10:10:56.760,0x300,6,40 40 40 08 04 01
TX,10:10:56.782,0x300,12,40 40 00 09 1C 01 00 01 10 42 10 20
TX,10:10:56.803,0x300,12,40 00 40 28 1C 01 06 01 00 41 EF 7A
RX,10:10:56.822,0x101,32,54 40 40 38 6C 01 1A 01 00 43 00 00 00 FF 7F 51 78 FF 7F 75 55 FF 7F FF 7F 12 EF 4B BC D5 40 1A
RX,10:10:56.841,0x101,16,55 40 00 39 24 01 00 01 10 42 10 20 03 00 01 20
RX,10:10:56.860,0x101,32,56 40 40 28 6C 01 1A 01 00 43 00 00 00 FF 7F 51 78 FF 7F 75 55 FF 7F FF 7F 12 EF 4B BC D5 40 1A
TX,10:10:56.887,0x300,12,40 00 40 28 1C 01 06 01 00 41 EF 7A
RX,10:10:56.907,0x101,32,57 40 40 28 6C 01 1A 01 00 43 00 00 00 FF 7F 51 78 FF 7F 75 55 FF 7F FF 7F 12 EF 4B BC D5 40 1A
TX,10:10:56.929,0x300,12,40 00 40 28 1C 01 06 01 00 41 EF 7A
RX,10:10:56.955,0x101,32,58 40 40 28 6C 01 1A 01 00 43 00 00 00 FF 7F 51 78 FF 7F 75 55 FF 7F FF 7F 12 F0 4B BC D6 40 1A
TX,10:10:56.982,0x300,12,40 00 40 28 1C 01 06 01 00 41 EF 7A
RX,10:10:57.005,0x101,32,59 40 40 28 6C 01 1A 01 00 43 00 00 00 FF 7F 51 78 FF 7F 75 55 FF 7F FF 7F 12 F0 4B BC D6 40 1A
TX,10:10:57.033,0x300,12,40 00 40 28 1C 01 06 01 00 41 EF 7A
RX,10:10:57.056,0x101,32,5A 40 40 28 6C 01 1A 01 00 43 00 00 00 FF 7F 51 78 FF 7F 75 55 FF 7F FF 7F 12 F0 4B BC D6 40 1A
TX,10:10:57.080,0x300,12,40 00 40 28 1C 01 06 01 00 41 EF 7A
RX,10:10:57.100,0x101,32,5B 40 40 28 6C 01 1A 01 00 43 00 00 00 FF 7F 51 78 FF 7F 75 55 FF 7F FF 7F 12 F0 4B BC D6 40 1A
TX,10:10:57.123,0x300,12,40 00 40 28 1C 01 06 01 00 41 EF 7A
RX,10:10:57.143,0x101,32,5C 40 40 28 6C 01 1A 01 00 43 00 00 00 FF 7F 51 78 FF 7F 75 55 FF 7F FF 7F 12 F0 4B BC D6 40 1A
TX,10:10:57.165,0x300,12,40 00 40 28 1C 01 06 01 00 41 EF 7A
RX,10:10:57.185,0x101,32,5D 40 40 28 6C 01 1A 01 00 43 00 00 00 FF 7F 51 78 FF 7F 75 55 FF 7F FF 7F 12 F0 4B BC D6 40 1A
TX,10:10:57.204,0x300,12,40 00 40 28 1C 01 06 01 00 41 EF 7A
RX,10:10:57.226,0x101,32,5E 40 40 28 6C 01 1A 01 00 43 00 00 00 FF 7F 51 78 FF 7F 75 55 FF 7F FF 7F 12 F0 4B BC D6 40 1A
TX,10:10:57.252,0x300,12,40 00 40 28 1C 01 06 01 00 41 EF 7A
RX,10:10:57.272,0x101,32,5F 40 40 28 6C 01 1A 01 00 43 00 00 00 FF 7F 51 78 FF 7F 75 55 FF 7F FF 7F 12 F0 4B BC D6 40 1A
TX,10:10:57.291,0x300,6,40 40 40 08 04 01
TX,10:10:57.310,0x300,12,40 40 00 09 1C 01 00 01 10 42 10 20
TX,10:10:57.333,0x300,12,40 00 40 28 1C 01 06 01 00 41 EF 7A
RX,10:10:57.353,0x101,32,60 40 40 38 6C 01 1A 01 00 43 00 00 00 FF 7F 51 78 FF 7F 75 55 FF 7F FF 7F 12 F0 4B BC D6 40 1A
RX,10:10:57.373,0x101,16,61 40 00 39 24 01 00 01 10 42 10 20 03 00 01 20
RX,10:10:57.392,0x101,32,62 40 40 28 6C 01 1A 01 00 43 00 00 00 FF 7F 51 78 FF 7F 75 55 FF 7F FF 7F 12 F0 4B BC D6 40 1A
TX,10:10:57.417,0x300,12,40 00 40 28 1C 01 06 01 00 41 EF 7A
RX,10:10:57.440,0x101,32,63 40 40 28 6C 01 1A 01 00 43 00 00 00 FF 7F 51 78 FF 7F 75 55 FF 7F FF 7F 12 F0 4B BC D6 40 1A
TX,10:10:57.467,0x300,12,40 00 40 28 1C 01 06 01 00 41 EF 7A
RX,10:10:57.490,0x101,32,64 40 40 28 6C 01 1A 01 00 43 00 00 00 FF 7F 51 78 FF 7F 75 55 FF 7F FF 7F 12 F0 4B BC D6 40 1A
TX,10:10:57.513,0x300,12,40 00 40 28 1C 01 06 01 00 41 EF 7A
RX,10:10:57.533,0x101,32,65 40 40 28 6C 01 1A 01 00 43 00 00 00 FF 7F 51 78 FF 7F 75 55 FF 7F FF 7F 12 F1 4B BC D7 40 1A
TX,10:10:57.556,0x300,12,40 00 40 28 1C 01 06 01 00 41 EF 7A
RX,10:10:57.578,0x101,32,66 40 40 28 6C 01 1A 01 00 43 00 00 00 FF 7F 51 78 FF 7F 75 55 FF 7F FF 7F 12 F0 4B BC D6 40 1A
TX,10:10:57.601,0x300,12,40 00 40 28 1C 01 06 01 00 41 EF 7A
RX,10:10:57.621,0x101,32,67 40 40 28 6C 01 1A 01 00 43 00 00 00 FF 7F 51 78 FF 7F 75 55 FF 7F FF 7F 12 F0 4B BC D6 40 1A
TX,10:10:57.646,0x300,12,40 00 40 28 1C 01 06 01 00 41 EF 7A
RX,10:10:57.667,0x101,32,68 40 40 28 6C 01 1A 01 00 43 00 00 00 FF 7F 51 78 FF 7F 75 55 FF 7F FF 7F 12 F0 4B BC D6 40 1A
TX,10:10:57.687,0x300,12,40 00 40 28 1C 01 06 01 00 41 EF 7A
RX,10:10:57.711,0x101,32,69 40 40 28 6C 01 1A 01 00 43 00 00 00 FF 7F 51 78 FF 7F 75 55 FF 7F FF 7F 12 F1 4B BC D7 40 1A
TX,10:10:57.742,0x300,12,40 00 40 28 1C 01 06 01 00 41 EF 7A
RX,10:10:57.761,0x101,32,6A 40 40 28 6C 01 1A 01 00 43 00 00 00 FF 7F 51 78 FF 7F 75 55 FF 7F FF 7F 12 F1 4B BC D7 40 1A
TX,10:10:57.782,0x300,6,40 40 40 08 04 01
TX,10:10:57.802,0x300,12,40 40 00 09 1C 01 00 01 10 42 10 20
TX,10:10:57.821,0x300,12,40 00 40 28 1C 01 06 01 00 41 EF 7A
RX,10:10:57.844,0x101,32,6B 40 40 38 6C 01 1A 01 00 43 00 00 00 FF 7F 51 78 FF 7F 75 55 FF 7F FF 7F 12 F1 4B BC D7 40 1A
RX,10:10:57.868,0x101,16,6C 40 00 39 24 01 00 01 10 42 10 20 03 00 01 20
RX,10:10:57.891,0x101,32,6D 40 40 28 6C 01 1A 01 00 43 00 00 00 FF 7F 51 78 FF 7F 75 55 FF 7F FF 7F 12 F1 4B BC D7 40 1A
TX,10:10:57.917,0x300,12,40 00 40 28 1C 01 06 01 00 41 EF 7A
RX,10:10:57.940,0x101,32,6E 40 40 28 6C 01 1A 01 00 43 00 00 00 FF 7F 51 78 FF 7F 75 55 FF 7F FF 7F 12 F2 4B BC D8 40 1A
TX,10:10:57.966,0x300,12,40 00 40 28 1C 01 06 01 00 41 EF 7A
RX,10:10:57.987,0x101,32,6F 40 40 28 6C 01 1A 01 00 43 00 00 00 FF 7F 51 78 FF 7F 75 55 FF 7F FF 7F 12 F2 4B BC D8 40 1A
TX,10:10:58.008,0x300,12,40 00 40 28 1C 01 06 01 00 41 EF 7A
RX,10:10:58.027,0x101,32,70 40 40 28 6C 01 1A 01 00 43 00 00 00 FF 7F 51 78 FF 7F 75 55 FF 7F FF 7F 12 F2 4B BC D8 40 1A
TX,10:10:58.049,0x300,12,40 00 40 28 1C 01 06 01 00 41 EF 7A
RX,10:10:58.070,0x101,32,71 40 40 28 6C 01 1A 01 00 43 00 00 00 FF 7F 51 78 FF 7F 75 55 FF 7F FF 7F 12 F3 4B BC D9 40 1A
TX,10:10:58.090,0x300,12,40 00 40 28 1C 01 06 01 00 41 EF 7A
RX,10:10:58.114,0x101,32,72 40 40 28 6C 01 1A 01 00 43 00 00 00 FF 7F 51 78 FF 7F 75 55 FF 7F FF 7F 12 F3 4B BC D9 40 1A
TX,10:10:58.143,0x300,12,40 00 40 28 1C 01 06 01 00 41 EF 7A
RX,10:10:58.166,0x101,32,73 40 40 28 6C 01 1A 01 00 43 00 00 00 FF 7F 51 78 FF 7F 75 55 FF 7F FF 7F 12 F3 4B BC D9 40 1A
TX,10:10:58.193,0x300,12,40 00 40 28 1C 01 06 01 00 41 EF 7A
RX,10:10:58.215,0x101,32,74 40 40 28 6C 01 1A 01 00 43 00 00 00 FF 7F 51 78 FF 7F 75 55 FF 7F FF 7F 12 F4 4B BC DA 40 1A
TX,10:10:58.238,0x300,12,40 00 40 28 1C 01 06 01 00 41 EF 7A
RX,10:10:58.257,0x101,32,75 40 40 28 6C 01 1A 01 00 43 00 00 00 FF 7F 51 78 FF 7F 75 55 FF 7F FF 7F 12 F4 4B BC DA 40 1A
TX,10:10:58.281,0x300,6,40 40 40 08 04 01
TX,10:10:58.301,0x300,12,40 40 00 09 1C 01 00 01 10 42 10 20
TX,10:10:58.320,0x300,12,40 00 40 28 1C 01 06 01 00 41 EF 7A
RX,10:10:58.343,0x101,32,76 40 40 38 6C 01 1A 01 00 43 00 00 00 FF 7F 51 78 FF 7F 75 55 FF 7F FF 7F 12 F4 4B BC DA 40 1A
RX,10:10:58.365,0x101,16,77 40 00 39 24 01 00 01 10 42 10 20 03 00 01 20
RX,10:10:58.387,0x101,32,78 40 40 28 6C 01 1A 01 00 43 00 00 00 FF 7F 51 78 FF 7F 75 55 FF 7F FF 7F 12 F4 4B BC DA 40 1A
TX,10:10:58.416,0x300,12,40 00 40 28 1C 01 06 01 00 41 EF 7A
RX,10:10:58.439,0x101,32,79 40 40 28 6C 01 1A 01 00 43 00 00 00 FF 7F 51 78 FF 7F 75 55 FF 7F FF 7F 12 F4 4B BC DA 40 1A
TX,10:10:58.464,0x300,12,40 00 40 28 1C 01 06 01 00 41 EF 7A
RX,10:10:58.487,0x101,32,7A 40 40 28 6C 01 1A 01 00 43 00 00 00 FF 7F 51 78 FF 7F 75 55 FF 7F FF 7F 12 F4 4B BC DA 40 1A
TX,10:10:58.509,0x300,12,40 00 40 28 1C 01 06 01 00 41 EF 7A
RX,10:10:58.532,0x101,32,7B 40 40 28 6C 01 1A 01 00 43 00 00 00 FF 7F 51 78 FF 7F 75 55 FF 7F FF 7F 12 F4 4B BC DA 40 1A
TX,10:10:58.558,0x300,12,40 00 40 28 1C 01 06 01 00 41 EF 7A
RX,10:10:58.582,0x101,32,7C 40 40 28 6C 01 1A 01 00 43 00 00 00 FF 7F 51 78 FF 7F 75 55 FF 7F FF 7F 12 F5 4B BC DB 40 1A
TX,10:10:58.605,0x300,12,40 00 40 28 1C 01 06 01 00 41 EF 7A
RX,10:10:58.629,0x101,32,7D 40 40 28 6C 01 1A 01 00 43 00 00 00 FF 7F 51 78 FF 7F 75 55 FF 7F FF 7F 12 F5 4B BC DB 40 1A
TX,10:10:58.655,0x300,12,40 00 40 28 1C 01 06 01 00 41 EF 7A
RX,10:10:58.675,0x101,32,7E 40 40 28 6C 01 1A 01 00 43 00 00 00 FF 7F 51 78 FF 7F 75 55 FF 7F FF 7F 12 F4 4B BC DA 40 1A
TX,10:10:58.698,0x300,12,40 00 40 28 1C 01 06 01 00 41 EF 7A
RX,10:10:58.718,0x101,32,7F 40 40 28 6C 01 1A 01 00 43 00 00 00 FF 7F 51 78 FF 7F 75 55 FF 7F FF 7F 12 F5 4B BC DB 40 1A
TX,10:10:58.737,0x300,12,40 00 40 28 1C 01 06 01 00 41 EF 7A
RX,10:10:58.759,0x101,32,40 40 40 28 6C 01 1A 01 00 43 00 00 00 FF 7F 51 78 FF 7F 75 55 FF 7F FF 7F 12 F5 4B BC DB 40 1A
TX,10:10:58.782,0x300,6,40 40 40 08 04 01
TX,10:10:58.806,0x300,12,40 40 00 09 1C 01 00 01 10 42 10 20
TX,10:10:58.828,0x300,12,40 00 40 28 1C 01 06 01 00 41 EF 7A
RX,10:10:58.848,0x101,32,41 40 40 38 6C 01 1A 01 00 43 00 00 00 FF 7F 51 78 FF 7F 75 55 FF 7F FF 7F 12 F5 4B BC DB 40 1A
RX,10:10:58.867,0x101,16,42 40 00 39 24 01 00 01 10 42 10 20 03 00 01 20
RX,10:10:58.886,0x101,32,43 40 40 28 6C 01 1A 01 00 43 00 00 00 FF 7F 51 78 FF 7F 75 55 FF 7F FF 7F 12 F5 4B BC DB 40 1A
TX,10:10:58.908,0x300,12,40 00 40 28 1C 01 06 01 00 41 EF 7A
RX,10:10:58.933,0x101,32,44 40 40 28 6C 01 1A 01 00 43 00 00 00 FF 7F 51 78 FF 7F 75 55 FF 7F FF 7F 12 F5 4B BC DB 40 1A
TX,10:10:58.964,0x300,12,40 00 40 28 1C 01 06 01 00 41 EF 7A
RX,10:10:58.984,0x101,32,45 40 40 28 6C 01 1A 01 00 43 00 00 00 FF 7F 51 78 FF 7F 75 55 FF 7F FF 7F 12 F6 4B BC DC 40 1A
TX,10:10:59.005,0x300,12,40 00 40 28 1C 01 06 01 00 41 EF 7A
RX,10:10:59.028,0x101,32,46 40 40 28 6C 01 1A 01 00 43 00 00 00 FF 7F 51 78 FF 7F 75 55 FF 7F FF 7F 12 F6 4B BC DC 40 1A
TX,10:10:59.054,0x300,12,40 00 40 28 1C 01 06 01 00 41 EF 7A
RX,10:10:59.074,0x101,32,47 40 40 28 6C 01 1A 01 00 43 00 00 00 FF 7F 51 78 FF 7F 75 55 FF 7F FF 7F 12 F6 4B BC DC 40 1A
TX,10:10:59.094,0x300,12,40 00 40 28 1C 01 06 01 00 41 EF 7A
RX,10:10:59.113,0x101,32,48 40 40 28 6C 01 1A 01 00 43 00 00 00 FF 7F 51 78 FF 7F 75 55 FF 7F FF 7F 12 F6 4B BC DC 40 1A
TX,10:10:59.137,0x300,12,40 00 40 28 1C 01 06 01 00 41 EF 7A
RX,10:10:59.157,0x101,32,49 40 40 28 6C 01 1A 01 00 43 00 00 00 FF 7F 51 78 FF 7F 75 55 FF 7F FF 7F 12 F6 4B BC DC 40 1A
TX,10:10:59.179,0x300,12,40 00 40 28 1C 01 06 01 00 41 EF 7A
RX,10:10:59.202,0x101,32,4A 40 40 28 6C 01 1A 01 00 43 00 00 00 FF 7F 51 78 FF 7F 75 55 FF 7F FF 7F 12 F6 4B BC DC 40 1A
TX,10:10:59.225,0x300,12,40 00 40 28 1C 01 06 01 00 41 EF 7A
RX,10:10:59.244,0x101,32,4B 40 40 28 6C 01 1A 01 00 43 00 00 00 FF 7F 51 78 FF 7F 75 55 FF 7F FF 7F 12 F6 4B BC DC 40 1A
TX,10:10:59.266,0x300,6,40 40 40 08 04 01
TX,10:10:59.289,0x300,12,40 40 00 09 1C 01 00 01 10 42 10 20
TX,10:10:59.309,0x300,12,40 00 40 28 1C 01 06 01 00 41 EF 7A
RX,10:10:59.329,0x101,32,4C 40 40 38 6C 01 1A 01 00 43 00 00 00 FF 7F 51 78 FF 7F 75 55 FF 7F FF 7F 12 F6 4B BC DC 40 1A
RX,10:10:59.349,0x101,16,4D 40 00 39 24 01 00 01 10 42 10 20 03 00 01 20
RX,10:10:59.369,0x101,32,4E 40 40 28 6C 01 1A 01 00 43 00 00 00 FF 7F 51 78 FF 7F 75 55 FF 7F FF 7F 12 F6 4B BC DC 40 1A
TX,10:10:59.396,0x300,12,40 00 40 28 1C 01 06 01 00 41 EF 7A
RX,10:10:59.419,0x101,32,4F 40 40 28 6C 01 1A 01 00 43 00 00 00 FF 7F 51 78 FF 7F 75 55 FF 7F FF 7F 12 F6 4B BC DC 40 1A
TX,10:10:59.445,0x300,12,40 00 40 28 1C 01 06 01 00 41 EF 7A
RX,10:10:59.467,0x101,32,50 40 40 28 6C 01 1A 01 00 43 00 00 00 FF 7F 51 78 FF 7F 75 55 FF 7F FF 7F 12 F7 4B BC DD 40 1A
TX,10:10:59.489,0x300,12,40 00 40 28 1C 01 06 01 00 41 EF 7A
RX,10:10:59.509,0x101,32,51 40 40 28 6C 01 1A 01 00 43 00 00 00 FF 7F 51 78 FF 7F 75 55 FF 7F FF 7F 12 F6 4B BC DC 40 1A
TX,10:10:59.531,0x300,12,40 00 40 28 1C 01 06 01 00 41 EF 7A
RX,10:10:59.550,0x101,32,52 40 40 28 6C 01 1A 01 00 43 00 00 00 FF 7F 51 78 FF 7F 75 55 FF 7F FF 7F 12 F7 4B BC DD 40 1A
TX,10:10:59.569,0x300,12,40 00 40 28 1C 01 06 01 00 41 EF 7A
RX,10:10:59.591,0x101,32,53 40 40 28 6C 01 1A 01 00 43 00 00 00 FF 7F 51 78 FF 7F 75 55 FF 7F FF 7F 12 F7 4B BC DD 40 1A
TX,10:10:59.619,0x300,12,40 00 40 28 1C 01 06 01 00 41 EF 7A
RX,10:10:59.642,0x101,32,54 40 40 28 6C 01 1A 01 00 43 00 00 00 FF 7F 51 78 FF 7F 75 55 FF 7F FF 7F 12 F7 4B BC DD 40 1A
TX,10:10:59.670,0x300,12,40 00 40 28 1C 01 06 01 00 41 EF 7A
RX,10:10:59.689,0x101,32,55 40 40 28 6C 01 1A 01 00 43 00 00 00 FF 7F 51 78 FF 7F 75 55 FF 7F FF 7F 12 F7 4B BC DD 40 1A
TX,10:10:59.710,0x300,12,40 00 40 28 1C 01 06 01 00 41 EF 7A
RX,10:10:59.730,0x101,32,56 40 40 28 6C 01 1A 01 00 43 00 00 00 FF 7F 51 78 FF 7F 75 55 FF 7F FF 7F 12 F7 4B BC DD 40 1A
TX,10:10:59.753,0x300,12,40 00 40 28 1C 01 06 01 00 41 EF 7A
RX,10:10:59.776,0x101,32,57 40 40 28 6C 01 1A 01 00 43 00 00 00 FF 7F 51 78 FF 7F 75 55 FF 7F FF 7F 12 F7 4B BC DD 40 1A
TX,10:10:59.800,0x300,6,40 40 40 08 04 01
TX,10:10:59.819,0x300,12,40 40 00 09 1C 01 00 01 10 42 10 20
TX,10:10:59.840,0x300,12,40 00 40 28 1C 01 06 01 00 41 EF 7A
RX,10:10:59.862,0x101,32,58 40 40 38 6C 01 1A 01 00 43 00 00 00 FF 7F 51 78 FF 7F 75 55 FF 7F FF 7F 12 F7 4B BC DD 40 1A
RX,10:10:59.883,0x101,16,59 40 00 39 24 01 00 01 10 42 10 20 03 00 01 20
RX,10:10:59.905,0x101,32,5A 40 40 28 6C 01 1A 01 00 43 00 00 00 FF 7F 51 78 FF 7F 75 55 FF 7F FF 7F 12 F7 4B BC DD 40 1A
TX,10:10:59.932,0x300,12,40 00 40 28 1C 01 06 01 00 41 EF 7A
RX,10:10:59.954,0x101,32,5B 40 40 28 6C 01 1A 01 00 43 00 00 00 FF 7F 51 78 FF 7F 75 55 FF 7F FF 7F 12 F8 4B BC DE 40 1A
TX,10:10:59.979,0x300,12,40 00 40 28 1C 01 06 01 00 41 EF 7A
RX,10:11:00.004,0x101,32,5C 40 40 28 6C 01 1A 01 00 43 00 00 00 FF 7F 51 78 FF 7F 75 55 FF 7F FF 7F 12 F8 4B BC DE 40 1A
TX,10:11:00.033,0x300,12,40 00 40 28 1C 01 06 01 00 41 EF 7A
RX,10:11:00.056,0x101,32,5D 40 40 28 6C 01 1A 01 00 43 00 00 00 FF 7F 51 78 FF 7F 75 55 FF 7F FF 7F 12 F8 4B BC DE 40 1A
TX,10:11:00.089,0x300,12,40 00 40 28 1C 01 06 01 00 41 EF 7A
RX,10:11:00.110,0x101,32,5E 40 40 28 6C 01 1A 01 00 43 00 00 00 FF 7F 51 78 FF 7F 75 55 FF 7F FF 7F 12 F8 4B BC DE 40 1A
TX,10:11:00.135,0x300,12,40 00 40 28 1C 01 06 01 00 41 EF 7A
RX,10:11:00.158,0x101,32,5F 40 40 28 6C 01 1A 01 00 43 00 00 00 FF 7F 51 78 FF 7F 75 55 FF 7F FF 7F 12 F8 4B BC DE 40 1A
TX,10:11:00.187,0x300,12,40 00 40 28 1C 01 06 01 00 41 EF 7A
RX,10:11:00.207,0x101,32,60 40 40 28 6C 01 1A 01 00 43 00 00 00 FF 7F 51 78 FF 7F 75 55 FF 7F FF 7F 12 F9 4B BC DF 40 1A
TX,10:11:00.230,0x300,12,40 00 40 28 1C 01 06 01 00 41 EF 7A
RX,10:11:00.249,0x101,32,61 40 40 28 6C 01 1A 01 00 43 00 00 00 FF 7F 51 78 FF 7F 75 55 FF 7F FF 7F 12 F9 4B BC DF 40 1A
TX,10:11:00.274,0x300,6,40 40 40 08 04 01
TX,10:11:00.293,0x300,12,40 40 00 09 1C 01 00 01 10 42 10 20
TX,10:11:00.320,0x300,12,40 00 40 28 1C 01 06 01 00 41 EF 7A
RX,10:11:00.340,0x101,32,62 40 40 38 6C 01 1A 01 00 43 00 00 00 FF 7F 51 78 FF 7F 75 55 FF 7F FF 7F 12 F9 4B BC DF 40 1A
RX,10:11:00.360,0x101,16,63 40 00 39 24 01 00 01 10 42 10 20 03 00 01 20
RX,10:11:00.380,0x101,32,64 40 40 28 6C 01 1A 01 00 43 00 00 00 FF 7F 51 78 FF 7F 75 55 FF 7F FF 7F 12 F9 4B BC DF 40 1A
TX,10:11:00.407,0x300,12,40 00 40 28 1C 01 06 01 00 41 EF 7A
RX,10:11:00.426,0x101,32,65 40 40 28 6C 01 1A 01 00 43 00 00 00 FF 7F 51 78 FF 7F 75 55 FF 7F FF 7F 12 F9 4B BC DF 40 1A
TX,10:11:00.455,0x300,12,40 00 40 28 1C 01 06 01 00 41 EF 7A
RX,10:11:00.476,0x101,32,66 40 40 28 6C 01 1A 01 00 43 00 00 00 FF 7F 51 78 FF 7F 75 55 FF 7F FF 7F 12 FA 4B BC E0 40 1A
TX,10:11:00.500,0x300,12,40 00 40 28 1C 01 06 01 00 41 EF 7A
RX,10:11:00.526,0x101,32,67 40 40 28 6C 01 1A 01 00 43 00 00 00 FF 7F 51 78 FF 7F 75 55 FF 7F FF 7F 12 FA 4B BC E0 40 1A
TX,10:11:00.557,0x300,12,40 00 40 28 1C 01 06 01 00 41 EF 7A
RX,10:11:00.581,0x101,32,68 40 40 28 6C 01 1A 01 00 43 00 00 00 FF 7F 51 78 FF 7F 75 55 FF 7F FF 7F 12 FA 4B BC E0 40 1A
TX,10:11:00.605,0x300,12,40 00 40 28 1C 01 06 01 00 41 EF 7A
RX,10:11:00.624,0x101,32,69 40 40 28 6C 01 1A 01 00 43 00 00 00 FF 7F 51 78 FF 7F 75 55 FF 7F FF 7F 12 FA 4B BC E0 40 1A
TX,10:11:00.649,0x300,12,40 00 40 28 1C 01 06 01 00 41 EF 7A
RX,10:11:00.672,0x101,32,6A 40 40 28 6C 01 1A 01 00 43 00 00 00 FF 7F 51 78 FF 7F 75 55 FF 7F FF 7F 12 FA 4B BC E0 40 1A
TX,10:11:00.708,0x300,12,40 00 40 28 1C 01 06 01 00 41 EF 7A
RX,10:11:00.728,0x101,32,6B 40 40 28 6C 01 1A 01 00 43 00 00 00 FF 7F 51 78 FF 7F 75 55 FF 7F FF 7F 12 FB 4B BC E1 40 1A
TX,10:11:00.748,0x300,12,40 00 40 28 1C 01 06 01 00 41 EF 7A
RX,10:11:00.768,0x101,32,6C 40 40 28 6C 01 1A 01 00 43 00 00 00 FF 7F 51 78 FF 7F 75 55 FF 7F FF 7F 12 FB 4B BC E1 40 1A
TX,10:11:00.794,0x300,6,40 40 40 08 04 01
TX,10:11:00.814,0x300,12,40 40 00 09 1C 01 00 01 10 42 10 20
TX,10:11:00.858,0x300,12,40 00 40 28 1C 01 06 01 00 41 EF 7A
RX,10:11:00.879,0x101,32,6D 40 40 38 6C 01 1A 01 00 43 00 00 00 FF 7F 51 78 FF 7F 75 55 FF 7F FF 7F 12 FB 4B BC E1 40 1A
RX,10:11:00.899,0x101,16,6E 40 00 39 24 01 00 01 10 42 10 20 03 00 01 20
RX,10:11:00.919,0x101,32,6F 40 40 28 6C 01 1A 01 00 43 00 00 00 FF 7F 51 78 FF 7F 75 55 FF 7F FF 7F 12 FC 4B BC E2 40 1A
TX,10:11:00.953,0x300,12,40 00 40 28 1C 01 06 01 00 41 EF 7A
RX,10:11:00.973,0x101,32,70 40 40 28 6C 01 1A 01 00 43 00 00 00 FF 7F 51 78 FF 7F 75 55 FF 7F FF 7F 12 FC 4B BC E2 40 1A
TX,10:11:00.995,0x300,12,40 00 40 28 1C 01 06 01 00 41 EF 7A
RX,10:11:01.014,0x101,32,71 40 40 28 6C 01 1A 01 00 43 00 00 00 FF 7F 51 78 FF 7F 75 55 FF 7F FF 7F 12 FD 4B BC E3 40 1A
TX,10:11:01.041,0x300,12,40 00 40 28 1C 01 06 01 00 41 EF 7A
RX,10:11:01.061,0x101,32,72 40 40 28 6C 01 1A 01 00 43 00 00 00 FF 7F 51 78 FF 7F 75 55 FF 7F FF 7F 12 FD 4B BC E3 40 1A
TX,10:11:01.091,0x300,12,40 00 40 28 1C 01 06 01 00 41 EF 7A
RX,10:11:01.112,0x101,32,73 40 40 28 6C 01 1A 01 00 43 00 00 00 FF 7F 51 78 FF 7F 75 55 FF 7F FF 7F 12 FE 4B BC E4 40 1A
TX,10:11:01.159,0x300,12,40 00 40 28 1C 01 06 01 00 41 EF 7A
RX,10:11:01.180,0x101,32,74 40 40 28 6C 01 1A 01 00 43 00 00 00 FF 7F 51 78 FF 7F 75 55 FF 7F FF 7F 12 FE 4B BC E4 40 1A
TX,10:11:01.216,0x300,12,40 00 40 28 1C 01 06 01 00 41 EF 7A
RX,10:11:01.238,0x101,32,75 40 40 28 6C 01 1A 01 00 43 00 00 00 FF 7F 51 78 FF 7F 75 55 FF 7F FF 7F 12 FF 4B BC E5 40 1A
TX,10:11:01.264,0x300,6,40 40 40 08 04 01
TX,10:11:01.294,0x300,12,40 40 00 09 1C 01 00 01 10 42 10 20
TX,10:11:01.326,0x300,12,40 00 40 28 1C 01 06 01 00 41 EF 7A
RX,10:11:01.348,0x101,32,76 40 40 38 6C 01 1A 01 00 43 00 00 00 FF 7F 51 78 FF 7F 75 55 FF 7F FF 7F 12 FF 4B BC E5 40 1A
RX,10:11:01.368,0x101,16,77 40 00 39 24 01 00 01 10 42 10 20 03 00 01 20
RX,10:11:01.389,0x101,32,78 40 40 28 6C 01 1A 01 00 43 00 00 00 FF 7F 51 78 FF 7F 75 55 FF 7F FF 7F 12 FF 4B BC E5 40 1A
TX,10:11:01.417,0x300,12,40 00 40 28 1C 01 06 01 00 41 EF 7A
RX,10:11:01.442,0x101,32,79 40 40 28 6C 01 1A 01 00 43 00 00 00 FF 7F 51 78 FF 7F 75 55 FF 7F FF 7F 12 00 4C BC E6 40 1A
TX,10:11:01.470,0x300,12,40 00 40 28 1C 01 06 01 00 41 EF 7A
RX,10:11:01.492,0x101,32,7A 40 40 28 6C 01 1A 01 00 43 00 00 00 FF 7F 51 78 FF 7F 75 55 FF 7F FF 7F 12 00 4C BC E6 40 1A
TX,10:11:01.517,0x300,12,40 00 40 28 1C 01 06 01 00 41 EF 7A
RX,10:11:01.544,0x101,32,7B 40 40 28 6C 01 1A 01 00 43 00 00 00 FF 7F 51 78 FF 7F 75 55 FF 7F FF 7F 12 00 4C BC E6 40 1A
TX,10:11:01.576,0x300,12,40 00 40 28 1C 01 06 01 00 41 EF 7A
RX,10:11:01.600,0x101,32,7C 40 40 28 6C 01 1A 01 00 43 00 00 00 FF 7F 51 78 FF 7F 75 55 FF 7F FF 7F 12 01 4C BC E7 40 1A
TX,10:11:01.634,0x300,12,40 00 40 28 1C 01 06 01 00 41 EF 7A
RX,10:11:01.657,0x101,32,7D 40 40 28 6C 01 1A 01 00 43 00 00 00 FF 7F 51 78 FF 7F 75 55 FF 7F FF 7F 12 01 4C BC E7 40 1A
TX,10:11:01.688,0x300,12,40 00 40 28 1C 01 06 01 00 41 EF 7A
RX,10:11:01.713,0x101,32,7E 40 40 28 6C 01 1A 01 00 43 00 00 00 FF 7F 51 78 FF 7F 75 55 FF 7F FF 7F 12 01 4C BC E7 40 1A
TX,10:11:01.742,0x300,12,40 00 40 28 1C 01 06 01 00 41 EF 7A
RX,10:11:01.766,0x101,32,7F 40 40 28 6C 01 1A 01 00 43 00 00 00 FF 7F 51 78 FF 7F 75 55 FF 7F FF 7F 12 02 4C BC E8 40 1A
TX,10:11:01.791,0x300,6,40 40 40 08 04 01
TX,10:11:01.816,0x300,12,40 40 00 09 1C 01 00 01 10 42 10 20
TX,10:11:01.839,0x300,12,40 00 40 28 1C 01 06 01 00 41 EF 7A
RX,10:11:01.861,0x101,32,40 40 40 38 6C 01 1A 01 00 43 00 00 00 FF 7F 51 78 FF 7F 75 55 FF 7F FF 7F 12 02 4C BC E8 40 1A
RX,10:11:01.882,0x101,16,41 40 00 39 24 01 00 01 10 42 10 20 03 00 01 20
RX,10:11:01.904,0x101,32,42 40 40 28 6C 01 1A 01 00 43 00 00 00 FF 7F 51 78 FF 7F 75 55 FF 7F FF 7F 12 02 4C BC E8 40 1A
TX,10:11:01.930,0x300,12,40 00 40 28 1C 01 06 01 00 41 EF 7A
RX,10:11:01.961,0x101,32,43 40 40 28 6C 01 1A 01 00 43 00 00 00 FF 7F 51 78 FF 7F 75 55 FF 7F FF 7F 12 02 4C BC E8 40 1A
TX,10:11:01.996,0x300,12,40 00 40 28 1C 01 06 01 00 41 EF 7A
RX,10:11:02.019,0x101,32,44 40 40 28 6C 01 1A 01 00 43 00 00 00 FF 7F 51 78 FF 7F 75 55 FF 7F FF 7F 12 02 4C BC E8 40 1A
TX,10:11:02.044,0x300,12,40 00 40 28 1C 01 06 01 00 41 EF 7A
RX,10:11:02.063,0x101,32,45 40 40 28 6C 01 1A 01 00 43 00 00 00 FF 7F 51 78 FF 7F 75 55 FF 7F FF 7F 12 02 4C BC E8 40 1A
TX,10:11:02.086,0x300,12,40 00 40 28 1C 01 06 01 00 41 EF 7A
RX,10:11:02.106,0x101,32,46 40 40 28 6C 01 1A 01 00 43 00 00 00 FF 7F 51 78 FF 7F 75 55 FF 7F FF 7F 12 02 4C BC E8 40 1A
TX,10:11:02.128,0x300,12,40 00 40 28 1C 01 06 01 00 41 EF 7A
RX,10:11:02.150,0x101,32,47 40 40 28 6C 01 1A 01 00 43 00 00 00 FF 7F 51 78 FF 7F 75 55 FF 7F FF 7F 12 02 4C BC E8 40 1A
TX,10:11:02.173,0x300,12,40 00 40 28 1C 01 06 01 00 41 EF 7A
RX,10:11:02.194,0x101,32,48 40 40 28 6C 01 1A 01 00 43 00 00 00 FF 7F 51 78 FF 7F 75 55 FF 7F FF 7F 12 02 4C BC E8 40 1A
TX,10:11:02.215,0x300,12,40 00 40 28 1C 01 06 01 00 41 EF 7A
RX,10:11:02.234,0x101,32,49 40 40 28 6C 01 1A 01 00 43 00 00 00 FF 7F 51 78 FF 7F 75 55 FF 7F FF 7F 12 02 4C BC E8 40 1A
TX,10:11:02.257,0x300,12,40 00 40 28 1C 01 06 01 00 41 EF 7A
RX,10:11:02.277,0x101,32,4A 40 40 28 6C 01 1A 01 00 43 00 00 00 FF 7F 51 78 FF 7F 75 55 FF 7F FF 7F 12 02 4C BC E8 40 1A
TX,10:11:02.296,0x300,6,40 40 40 08 04 01
TX,10:11:02.315,0x300,12,40 40 00 09 1C 01 00 01 10 42 10 20
TX,10:11:02.338,0x300,12,40 00 40 28 1C 01 06 01 00 41 EF 7A
RX,10:11:02.360,0x101,32,4B 40 40 38 6C 01 1A 01 00 43 00 00 00 FF 7F 51 78 FF 7F 75 55 FF 7F FF 7F 12 02 4C BC E8 40 1A
RX,10:11:02.385,0x101,16,4C 40 00 39 24 01 00 01 10 42 10 20 03 00 01 20
RX,10:11:02.409,0x101,32,4D 40 40 28 6C 01 1A 01 00 43 00 00 00 FF 7F 51 78 FF 7F 75 55 FF 7F FF 7F 12 03 4C BC E9 40 1A
TX,10:11:02.437,0x300,12,40 00 40 28 1C 01 06 01 00 41 EF 7A
RX,10:11:02.459,0x101,32,4E 40 40 28 6C 01 1A 01 00 43 00 00 00 FF 7F 51 78 FF 7F 75 55 FF 7F FF 7F 12 04 4C BC EA 40 1A
TX,10:11:02.482,0x300,12,40 00 40 28 1C 01 06 01 00 41 EF 7A
RX,10:11:02.502,0x101,32,4F 40 40 28 6C 01 1A 01 00 43 00 00 00 FF 7F 51 78 FF 7F 75 55 FF 7F FF 7F 12 04 4C BC EA 40 1A
TX,10:11:02.521,0x300,12,40 00 40 28 1C 01 06 01 00 41 EF 7A
RX,10:11:02.542,0x101,32,50 40 40 28 6C 01 1A 01 00 43 00 00 00 FF 7F 51 78 FF 7F 75 55 FF 7F FF 7F 12 04 4C BC EA 40 1A
TX,10:11:02.566,0x300,12,40 00 40 28 1C 01 06 01 00 41 EF 7A
RX,10:11:02.588,0x101,32,51 40 40 28 6C 01 1A 01 00 43 00 00 00 FF 7F 51 78 FF 7F 75 55 FF 7F FF 7F 12 04 4C BC EA 40 1A
TX,10:11:02.610,0x300,12,40 00 40 28 1C 01 06 01 00 41 EF 7A
RX,10:11:02.630,0x101,32,52 40 40 28 6C 01 1A 01 00 43 00 00 00 FF 7F 51 78 FF 7F 75 55 FF 7F FF 7F 12 04 4C BC EA 40 1A
TX,10:11:02.655,0x300,12,40 00 40 28 1C 01 06 01 00 41 EF 7A
RX,10:11:02.678,0x101,32,53 40 40 28 6C 01 1A 01 00 43 00 00 00 FF 7F 51 78 FF 7F 75 55 FF 7F FF 7F 12 04 4C BC EA 40 1A
TX,10:11:02.701,0x300,12,40 00 40 28 1C 01 06 01 00 41 EF 7A
RX,10:11:02.723,0x101,32,54 40 40 28 6C 01 1A 01 00 43 00 00 00 FF 7F 51 78 FF 7F 75 55 FF 7F FF 7F 12 04 4C BC EA 40 1A
TX,10:11:02.748,0x300,12,40 00 40 28 1C 01 06 01 00 41 EF 7A
RX,10:11:02.769,0x101,32,55 40 40 28 6C 01 1A 01 00 43 00 00 00 FF 7F 51 78 FF 7F 75 55 FF 7F FF 7F 12 04 4C BC EA 40 1A
TX,10:11:02.789,0x300,6,40 40 40 08 04 01
TX,10:11:02.808,0x300,12,40 40 00 09 1C 01 00 01 10 42 10 20
TX,10:11:02.830,0x300,12,40 00 40 28 1C 01 06 01 00 41 EF 7A
RX,10:11:02.854,0x101,32,56 40 40 38 6C 01 1A 01 00 43 00 00 00 FF 7F 51 78 FF 7F 75 55 FF 7F FF 7F 12 04 4C BC EA 40 1A
RX,10:11:02.877,0x101,16,57 40 00 39 24 01 00 01 10 42 10 20 03 00 01 20
RX,10:11:02.900,0x101,32,58 40 40 28 6C 01 1A 01 00 43 00 00 00 FF 7F 51 78 FF 7F 75 55 FF 7F FF 7F 12 04 4C BC EA 40 1A
TX,10:11:02.928,0x300,12,40 00 40 28 1C 01 06 01 00 41 EF 7A
RX,10:11:02.948,0x101,32,59 40 40 28 6C 01 1A 01 00 43 00 00 00 FF 7F 51 78 FF 7F 75 55 FF 7F FF 7F 12 04 4C BC EA 40 1A
TX,10:11:02.979,0x300,12,40 00 40 28 1C 01 06 01 00 41 EF 7A
RX,10:11:03.005,0x101,32,5A 40 40 28 6C 01 1A 01 00 43 00 00 00 FF 7F 51 78 FF 7F 75 55 FF 7F FF 7F 12 04 4C BC EA 40 1A
TX,10:11:03.030,0x300,12,40 00 40 28 1C 01 06 01 00 41 EF 7A
RX,10:11:03.055,0x101,32,5B 40 40 28 6C 01 1A 01 00 43 00 00 00 FF 7F 51 78 FF 7F 75 55 FF 7F FF 7F 12 05 4C BC EB 40 1A
TX,10:11:03.085,0x300,12,40 00 40 28 1C 01 06 01 00 41 EF 7A
RX,10:11:03.109,0x101,32,5C 40 40 28 6C 01 1A 01 00 43 00 00 00 FF 7F 51 78 FF 7F 75 55 FF 7F FF 7F 12 05 4C BC EB 40 1A
TX,10:11:03.136,0x300,12,40 00 40 28 1C 01 06 01 00 41 EF 7A
RX,10:11:03.157,0x101,32,5D 40 40 28 6C 01 1A 01 00 43 00 00 00 FF 7F 51 78 FF 7F 75 55 FF 7F FF 7F 12 05 4C BC EB 40 1A
TX,10:11:03.185,0x300,12,40 00 40 28 1C 01 06 01 00 41 EF 7A
RX,10:11:03.213,0x101,32,5E 40 40 28 6C 01 1A 01 00 43 00 00 00 FF 7F 51 78 FF 7F 75 55 FF 7F FF 7F 12 05 4C BC EB 40 1A
TX,10:11:03.242,0x300,12,40 00 40 28 1C 01 06 01 00 41 EF 7A
RX,10:11:03.263,0x101,32,5F 40 40 28 6C 01 1A 01 00 43 00 00 00 FF 7F 51 78 FF 7F 75 55 FF 7F FF 7F 12 06 4C BC EC 40 1A
TX,10:11:03.289,0x300,6,40 40 40 08 04 01
TX,10:11:03.309,0x300,12,40 40 00 09 1C 01 00 01 10 42 10 20
TX,10:11:03.331,0x300,12,40 00 40 28 1C 01 06 01 00 41 EF 7A
RX,10:11:03.355,0x101,32,60 40 40 38 6C 01 1A 01 00 43 00 00 00 FF 7F 51 78 FF 7F 75 55 FF 7F FF 7F 12 06 4C BC EC 40 1A
RX,10:11:03.378,0x101,16,61 40 00 39 24 01 00 01 10 42 10 20 03 00 01 20
RX,10:11:03.402,0x101,32,62 40 40 28 6C 01 1A 01 00 43 00 00 00 FF 7F 51 78 FF 7F 75 55 FF 7F FF 7F 12 06 4C BC EC 40 1A
TX,10:11:03.431,0x300,12,40 00 40 28 1C 01 06 01 00 41 EF 7A
RX,10:11:03.453,0x101,32,63 40 40 28 6C 01 1A 01 00 43 00 00 00 FF 7F 51 78 FF 7F 75 55 FF 7F FF 7F 12 06 4C BC EC 40 1A
TX,10:11:03.488,0x300,12,40 00 40 28 1C 01 06 01 00 41 EF 7A
RX,10:11:03.514,0x101,32,64 40 40 28 6C 01 1A 01 00 43 00 00 00 FF 7F 51 78 FF 7F 75 55 FF 7F FF 7F 12 06 4C BC EC 40 1A
TX,10:11:03.545,0x300,12,40 00 40 28 1C 01 06 01 00 41 EF 7A
RX,10:11:03.565,0x101,32,65 40 40 28 6C 01 1A 01 00 43 00 00 00 FF 7F 51 78 FF 7F 75 55 FF 7F FF 7F 12 06 4C BC EC 40 1A
TX,10:11:03.591,0x300,12,40 00 40 28 1C 01 06 01 00 41 EF 7A
RX,10:11:03.616,0x101,32,66 40 40 28 6C 01 1A 01 00 43 00 00 00 FF 7F 51 78 FF 7F 75 55 FF 7F FF 7F 12 07 4C BC ED 40 1A
TX,10:11:03.642,0x300,12,40 00 40 28 1C 01 06 01 00 41 EF 7A
RX,10:11:03.661,0x101,32,67 40 40 28 6C 01 1A 01 00 43 00 00 00 FF 7F 51 78 FF 7F 75 55 FF 7F FF 7F 12 07 4C BC ED 40 1A
TX,10:11:03.687,0x300,12,40 00 40 28 1C 01 06 01 00 41 EF 7A
RX,10:11:03.708,0x101,32,68 40 40 28 6C 01 1A 01 00 43 00 00 00 FF 7F 51 78 FF 7F 75 55 FF 7F FF 7F 12 07 4C BC ED 40 1A
TX,10:11:03.736,0x300,12,40 00 40 28 1C 01 06 01 00 41 EF 7A
RX,10:11:03.758,0x101,32,69 40 40 28 6C 01 1A 01 00 43 00 00 00 FF 7F 51 78 FF 7F 75 55 FF 7F FF 7F 12 07 4C BC ED 40 1A
TX,10:11:03.794,0x300,6,40 40 40 08 04 01
TX,10:11:03.815,0x300,12,40 40 00 09 1C 01 00 01 10 42 10 20
TX,10:11:03.859,0x300,12,40 00 40 28 1C 01 06 01 00 41 EF 7A
RX,10:11:03.885,0x101,32,6A 40 40 38 6C 01 1A 01 00 43 00 00 00 FF 7F 51 78 FF 7F 75 55 FF 7F FF 7F 12 07 4C BC ED 40 1A
RX,10:11:03.909,0x101,16,6B 40 00 39 24 01 00 01 10 42 10 20 03 00 01 20
RX,10:11:03.932,0x101,32,6C 40 40 28 6C 01 1A 01 00 43 00 00 00 FF 7F 51 78 FF 7F 75 55 FF 7F FF 7F 12 07 4C BC ED 40 1A
TX,10:11:03.962,0x300,12,40 00 40 28 1C 01 06 01 00 41 EF 7A
RX,10:11:03.985,0x101,32,6D 40 40 28 6C 01 1A 01 00 43 00 00 00 FF 7F 51 78 FF 7F 75 55 FF 7F FF 7F 12 07 4C BC ED 40 1A
TX,10:11:04.012,0x300,12,40 00 40 28 1C 01 06 01 00 41 EF 7A
RX,10:11:04.035,0x101,32,6E 40 40 28 6C 01 1A 01 00 43 00 00 00 FF 7F 51 78 FF 7F 75 55 FF 7F FF 7F 12 07 4C BC ED 40 1A
TX,10:11:04.062,0x300,12,40 00 40 28 1C 01 06 01 00 41 EF 7A
RX,10:11:04.085,0x101,32,6F 40 40 28 6C 01 1A 01 00 43 00 00 00 FF 7F 51 78 FF 7F 75 55 FF 7F FF 7F 12 07 4C BC ED 40 1A
TX,10:11:04.108,0x300,12,40 00 40 28 1C 01 06 01 00 41 EF 7A
RX,10:11:04.130,0x101,32,70 40 40 28 6C 01 1A 01 00 43 00 00 00 FF 7F 51 78 FF 7F 75 55 FF 7F FF 7F 12 07 4C BC ED 40 1A
TX,10:11:04.156,0x300,12,40 00 40 28 1C 01 06 01 00 41 EF 7A
RX,10:11:04.177,0x101,32,71 40 40 28 6C 01 1A 01 00 43 00 00 00 FF 7F 51 78 FF 7F 75 55 FF 7F FF 7F 12 07 4C BC ED 40 1A
TX,10:11:04.206,0x300,12,40 00 40 28 1C 01 06 01 00 41 EF 7A
RX,10:11:04.228,0x101,32,72 40 40 28 6C 01 1A 01 00 43 00 00 00 FF 7F 51 78 FF 7F 75 55 FF 7F FF 7F 12 07 4C BC ED 40 1A
TX,10:11:04.255,0x300,12,40 00 40 28 1C 01 06 01 00 41 EF 7A
RX,10:11:04.277,0x101,32,73 40 40 28 6C 01 1A 01 00 43 00 00 00 FF 7F 51 78 FF 7F 75 55 FF 7F FF 7F 12 07 4C BC ED 40 1A
TX,10:11:04.306,0x300,16,40 40 00 19 24 01 00 01 10 01 10 20 00 00 00 00
TX,10:11:04.334,0x300,16,40 40 00 19 24 01 00 01 10 01 10 20 00 00 00 00
TX,10:11:04.361,0x300,16,40 40 00 19 24 01 00 01 10 01 10 20 00 00 00 00
TX,10:11:04.386,0x300,16,40 40 00 19 24 01 00 01 10 01 10 20 00 00 00 00
